19:28:54 INFO  : Launching XSCT server: xsct.bat -n  -interactive C:\Users\Taimoor\Desktop\SIVP\Vitis_IP_MAC\temp_xsdb_launch_script.tcl
19:28:55 INFO  : Registering command handlers for Vitis TCF services
19:28:57 INFO  : Platform repository initialization has completed.
19:28:58 INFO  : XSCT server has started successfully.
19:28:58 INFO  : Successfully done setting XSCT server connection channel  
19:28:58 INFO  : plnx-install-location is set to ''
19:29:02 INFO  : Successfully done setting workspace for the tool. 
19:29:02 INFO  : Successfully done query RDI_DATADIR 
20:57:29 INFO  : Launching XSCT server: xsct.bat -n  -interactive C:\Users\Taimoor\Desktop\SIVP\Vitis_IP_MAC\temp_xsdb_launch_script.tcl
20:57:29 INFO  : Registering command handlers for Vitis TCF services
20:57:33 INFO  : XSCT server has started successfully.
20:57:34 INFO  : Platform repository initialization has completed.
20:57:39 INFO  : plnx-install-location is set to ''
20:57:39 INFO  : Successfully done setting XSCT server connection channel  
20:57:39 INFO  : Successfully done query RDI_DATADIR 
20:57:39 INFO  : Successfully done setting workspace for the tool. 
21:59:27 INFO  : Result from executing command 'getProjects': IP_MAC_BD_wrapper
21:59:27 INFO  : Result from executing command 'getPlatforms': 
21:59:27 WARN  : An unexpected exception occurred in the module 'platform project logging'
21:59:28 INFO  : Platform 'IP_MAC_BD_wrapper' is added to custom repositories.
21:59:44 INFO  : Platform 'IP_MAC_BD_wrapper' is added to custom repositories.
22:12:07 INFO  : Result from executing command 'getProjects': IP_MAC_BD_wrapper
22:12:07 INFO  : Result from executing command 'getPlatforms': IP_MAC_BD_wrapper|C:/Users/Taimoor/Desktop/SIVP/Vitis_IP_MAC/IP_MAC_BD_wrapper/export/IP_MAC_BD_wrapper/IP_MAC_BD_wrapper.xpfm
22:12:07 INFO  : Checking for BSP changes to sync application flags for project 'Vitis_IP_MAC'...
22:16:58 INFO  : Connected to target on host '127.0.0.1' and port '3121'.
22:16:58 INFO  : 'targets -set -filter {jtag_cable_name =~ "Digilent JTAG-SMT1 210203A7D855A" && level==0 && jtag_device_ctx=="jsn-JTAG-SMT1-210203A7D855A-23727093-0"}' command is executed.
22:17:01 INFO  : Device configured successfully with "C:/Users/Taimoor/Desktop/SIVP/Vitis_IP_MAC/Vitis_IP_MAC/_ide/bitstream/IP_MAC_BD_wrapper.bit"
22:17:43 INFO  : Connected to target on host '127.0.0.1' and port '3121'.
22:17:45 INFO  : Connected to target on host '127.0.0.1' and port '3121'.
22:17:48 INFO  : Connected to target on host '127.0.0.1' and port '3121'.
22:17:49 INFO  : Jtag cable 'Digilent JTAG-SMT1 210203A7D855A' is selected.
22:17:49 INFO  : 'jtag frequency' command is executed.
22:17:49 INFO  : Context for 'APU' is selected.
22:17:49 INFO  : System reset is completed.
22:17:52 INFO  : 'after 3000' command is executed.
22:17:52 INFO  : 'targets -set -filter {jtag_cable_name =~ "Digilent JTAG-SMT1 210203A7D855A" && level==0 && jtag_device_ctx=="jsn-JTAG-SMT1-210203A7D855A-23727093-0"}' command is executed.
22:17:54 INFO  : Device configured successfully with "C:/Users/Taimoor/Desktop/SIVP/Vitis_IP_MAC/Vitis_IP_MAC/_ide/bitstream/IP_MAC_BD_wrapper.bit"
22:17:54 INFO  : Context for 'APU' is selected.
22:17:54 INFO  : Hardware design and registers information is loaded from 'C:/Users/Taimoor/Desktop/SIVP/Vitis_IP_MAC/IP_MAC_BD_wrapper/export/IP_MAC_BD_wrapper/hw/IP_MAC_BD_wrapper.xsa'.
22:17:54 INFO  : 'configparams force-mem-access 1' command is executed.
22:17:54 INFO  : Context for 'APU' is selected.
22:17:54 INFO  : Sourcing of 'C:/Users/Taimoor/Desktop/SIVP/Vitis_IP_MAC/Vitis_IP_MAC/_ide/psinit/ps7_init.tcl' is done.
22:17:55 INFO  : 'ps7_init' command is executed.
22:17:55 INFO  : 'ps7_post_config' command is executed.
22:17:55 INFO  : Context for processor 'ps7_cortexa9_0' is selected.
22:17:57 INFO  : The application 'C:/Users/Taimoor/Desktop/SIVP/Vitis_IP_MAC/Vitis_IP_MAC/Debug/Vitis_IP_MAC.elf' is downloaded to processor 'ps7_cortexa9_0'.
22:17:57 INFO  : 'configparams force-mem-access 0' command is executed.
22:17:57 INFO  : ----------------XSDB Script----------------
connect -url tcp:127.0.0.1:3121
targets -set -nocase -filter {name =~"APU*"}
rst -system
after 3000
targets -set -filter {jtag_cable_name =~ "Digilent JTAG-SMT1 210203A7D855A" && level==0 && jtag_device_ctx=="jsn-JTAG-SMT1-210203A7D855A-23727093-0"}
fpga -file C:/Users/Taimoor/Desktop/SIVP/Vitis_IP_MAC/Vitis_IP_MAC/_ide/bitstream/IP_MAC_BD_wrapper.bit
targets -set -nocase -filter {name =~"APU*"}
loadhw -hw C:/Users/Taimoor/Desktop/SIVP/Vitis_IP_MAC/IP_MAC_BD_wrapper/export/IP_MAC_BD_wrapper/hw/IP_MAC_BD_wrapper.xsa -mem-ranges [list {0x40000000 0xbfffffff}] -regs
configparams force-mem-access 1
targets -set -nocase -filter {name =~"APU*"}
source C:/Users/Taimoor/Desktop/SIVP/Vitis_IP_MAC/Vitis_IP_MAC/_ide/psinit/ps7_init.tcl
ps7_init
ps7_post_config
targets -set -nocase -filter {name =~ "*A9*#0"}
dow C:/Users/Taimoor/Desktop/SIVP/Vitis_IP_MAC/Vitis_IP_MAC/Debug/Vitis_IP_MAC.elf
configparams force-mem-access 0
----------------End of Script----------------

22:17:57 INFO  : Context for processor 'ps7_cortexa9_0' is selected.
22:17:57 INFO  : 'con' command is executed.
22:17:57 INFO  : ----------------XSDB Script (After Launch)----------------
targets -set -nocase -filter {name =~ "*A9*#0"}
con
----------------End of Script----------------

22:17:57 INFO  : Launch script is exported to file 'C:\Users\Taimoor\Desktop\SIVP\Vitis_IP_MAC\Vitis_IP_MAC_system\_ide\scripts\debugger_vitis_ip_mac-default.tcl'
22:18:36 INFO  : Disconnected from the channel tcfchan#2.
22:18:37 INFO  : Connected to target on host '127.0.0.1' and port '3121'.
22:18:37 INFO  : Jtag cable 'Digilent JTAG-SMT1 210203A7D855A' is selected.
22:18:37 INFO  : 'jtag frequency' command is executed.
22:18:37 INFO  : Context for 'APU' is selected.
22:18:37 INFO  : System reset is completed.
22:18:40 INFO  : 'after 3000' command is executed.
22:18:40 INFO  : 'targets -set -filter {jtag_cable_name =~ "Digilent JTAG-SMT1 210203A7D855A" && level==0 && jtag_device_ctx=="jsn-JTAG-SMT1-210203A7D855A-23727093-0"}' command is executed.
22:18:42 INFO  : Device configured successfully with "C:/Users/Taimoor/Desktop/SIVP/Vitis_IP_MAC/Vitis_IP_MAC/_ide/bitstream/IP_MAC_BD_wrapper.bit"
22:18:42 INFO  : Context for 'APU' is selected.
22:18:42 INFO  : Hardware design and registers information is loaded from 'C:/Users/Taimoor/Desktop/SIVP/Vitis_IP_MAC/IP_MAC_BD_wrapper/export/IP_MAC_BD_wrapper/hw/IP_MAC_BD_wrapper.xsa'.
22:18:43 INFO  : 'configparams force-mem-access 1' command is executed.
22:18:43 INFO  : Context for 'APU' is selected.
22:18:43 INFO  : Sourcing of 'C:/Users/Taimoor/Desktop/SIVP/Vitis_IP_MAC/Vitis_IP_MAC/_ide/psinit/ps7_init.tcl' is done.
22:18:43 INFO  : 'ps7_init' command is executed.
22:18:43 INFO  : 'ps7_post_config' command is executed.
22:18:43 INFO  : Context for processor 'ps7_cortexa9_0' is selected.
22:18:45 INFO  : The application 'C:/Users/Taimoor/Desktop/SIVP/Vitis_IP_MAC/Vitis_IP_MAC/Debug/Vitis_IP_MAC.elf' is downloaded to processor 'ps7_cortexa9_0'.
22:18:45 INFO  : 'configparams force-mem-access 0' command is executed.
22:18:45 INFO  : ----------------XSDB Script----------------
connect -url tcp:127.0.0.1:3121
targets -set -nocase -filter {name =~"APU*"}
rst -system
after 3000
targets -set -filter {jtag_cable_name =~ "Digilent JTAG-SMT1 210203A7D855A" && level==0 && jtag_device_ctx=="jsn-JTAG-SMT1-210203A7D855A-23727093-0"}
fpga -file C:/Users/Taimoor/Desktop/SIVP/Vitis_IP_MAC/Vitis_IP_MAC/_ide/bitstream/IP_MAC_BD_wrapper.bit
targets -set -nocase -filter {name =~"APU*"}
loadhw -hw C:/Users/Taimoor/Desktop/SIVP/Vitis_IP_MAC/IP_MAC_BD_wrapper/export/IP_MAC_BD_wrapper/hw/IP_MAC_BD_wrapper.xsa -mem-ranges [list {0x40000000 0xbfffffff}] -regs
configparams force-mem-access 1
targets -set -nocase -filter {name =~"APU*"}
source C:/Users/Taimoor/Desktop/SIVP/Vitis_IP_MAC/Vitis_IP_MAC/_ide/psinit/ps7_init.tcl
ps7_init
ps7_post_config
targets -set -nocase -filter {name =~ "*A9*#0"}
dow C:/Users/Taimoor/Desktop/SIVP/Vitis_IP_MAC/Vitis_IP_MAC/Debug/Vitis_IP_MAC.elf
configparams force-mem-access 0
----------------End of Script----------------

22:18:45 INFO  : Context for processor 'ps7_cortexa9_0' is selected.
22:18:45 INFO  : 'con' command is executed.
22:18:45 INFO  : ----------------XSDB Script (After Launch)----------------
targets -set -nocase -filter {name =~ "*A9*#0"}
con
----------------End of Script----------------

22:18:45 INFO  : Launch script is exported to file 'C:\Users\Taimoor\Desktop\SIVP\Vitis_IP_MAC\Vitis_IP_MAC_system\_ide\scripts\debugger_vitis_ip_mac-default.tcl'
23:16:14 INFO  : Disconnected from the channel tcfchan#3.
23:16:15 INFO  : Connected to target on host '127.0.0.1' and port '3121'.
23:16:16 INFO  : Jtag cable 'Digilent JTAG-SMT1 210203A7D855A' is selected.
23:16:16 INFO  : 'jtag frequency' command is executed.
23:16:16 INFO  : Context for 'APU' is selected.
23:16:16 INFO  : System reset is completed.
23:16:19 INFO  : 'after 3000' command is executed.
23:16:19 INFO  : 'targets -set -filter {jtag_cable_name =~ "Digilent JTAG-SMT1 210203A7D855A" && level==0 && jtag_device_ctx=="jsn-JTAG-SMT1-210203A7D855A-23727093-0"}' command is executed.
23:16:21 INFO  : Device configured successfully with "C:/Users/Taimoor/Desktop/SIVP/Vitis_IP_MAC/Vitis_IP_MAC/_ide/bitstream/IP_MAC_BD_wrapper.bit"
23:16:21 INFO  : Context for 'APU' is selected.
23:16:21 INFO  : Hardware design and registers information is loaded from 'C:/Users/Taimoor/Desktop/SIVP/Vitis_IP_MAC/IP_MAC_BD_wrapper/export/IP_MAC_BD_wrapper/hw/IP_MAC_BD_wrapper.xsa'.
23:16:21 INFO  : 'configparams force-mem-access 1' command is executed.
23:16:21 INFO  : Context for 'APU' is selected.
23:16:21 INFO  : Sourcing of 'C:/Users/Taimoor/Desktop/SIVP/Vitis_IP_MAC/Vitis_IP_MAC/_ide/psinit/ps7_init.tcl' is done.
23:16:22 INFO  : 'ps7_init' command is executed.
23:16:22 INFO  : 'ps7_post_config' command is executed.
23:16:22 INFO  : Context for processor 'ps7_cortexa9_0' is selected.
23:16:25 INFO  : The application 'C:/Users/Taimoor/Desktop/SIVP/Vitis_IP_MAC/Vitis_IP_MAC/Debug/Vitis_IP_MAC.elf' is downloaded to processor 'ps7_cortexa9_0'.
23:16:25 INFO  : 'configparams force-mem-access 0' command is executed.
23:16:25 INFO  : ----------------XSDB Script----------------
connect -url tcp:127.0.0.1:3121
targets -set -nocase -filter {name =~"APU*"}
rst -system
after 3000
targets -set -filter {jtag_cable_name =~ "Digilent JTAG-SMT1 210203A7D855A" && level==0 && jtag_device_ctx=="jsn-JTAG-SMT1-210203A7D855A-23727093-0"}
fpga -file C:/Users/Taimoor/Desktop/SIVP/Vitis_IP_MAC/Vitis_IP_MAC/_ide/bitstream/IP_MAC_BD_wrapper.bit
targets -set -nocase -filter {name =~"APU*"}
loadhw -hw C:/Users/Taimoor/Desktop/SIVP/Vitis_IP_MAC/IP_MAC_BD_wrapper/export/IP_MAC_BD_wrapper/hw/IP_MAC_BD_wrapper.xsa -mem-ranges [list {0x40000000 0xbfffffff}] -regs
configparams force-mem-access 1
targets -set -nocase -filter {name =~"APU*"}
source C:/Users/Taimoor/Desktop/SIVP/Vitis_IP_MAC/Vitis_IP_MAC/_ide/psinit/ps7_init.tcl
ps7_init
ps7_post_config
targets -set -nocase -filter {name =~ "*A9*#0"}
dow C:/Users/Taimoor/Desktop/SIVP/Vitis_IP_MAC/Vitis_IP_MAC/Debug/Vitis_IP_MAC.elf
configparams force-mem-access 0
----------------End of Script----------------

23:16:25 INFO  : Context for processor 'ps7_cortexa9_0' is selected.
23:16:25 INFO  : 'con' command is executed.
23:16:25 INFO  : ----------------XSDB Script (After Launch)----------------
targets -set -nocase -filter {name =~ "*A9*#0"}
con
----------------End of Script----------------

23:16:25 INFO  : Launch script is exported to file 'C:\Users\Taimoor\Desktop\SIVP\Vitis_IP_MAC\Vitis_IP_MAC_system\_ide\scripts\debugger_vitis_ip_mac-default.tcl'
23:17:53 INFO  : Disconnected from the channel tcfchan#4.
23:17:54 INFO  : Connected to target on host '127.0.0.1' and port '3121'.
23:17:54 INFO  : Jtag cable 'Digilent JTAG-SMT1 210203A7D855A' is selected.
23:17:54 INFO  : 'jtag frequency' command is executed.
23:17:54 INFO  : Context for 'APU' is selected.
23:17:54 INFO  : System reset is completed.
23:17:57 INFO  : 'after 3000' command is executed.
23:17:57 INFO  : 'targets -set -filter {jtag_cable_name =~ "Digilent JTAG-SMT1 210203A7D855A" && level==0 && jtag_device_ctx=="jsn-JTAG-SMT1-210203A7D855A-23727093-0"}' command is executed.
23:18:00 INFO  : Device configured successfully with "C:/Users/Taimoor/Desktop/SIVP/Vitis_IP_MAC/Vitis_IP_MAC/_ide/bitstream/IP_MAC_BD_wrapper.bit"
23:18:00 INFO  : Context for 'APU' is selected.
23:18:00 INFO  : Hardware design and registers information is loaded from 'C:/Users/Taimoor/Desktop/SIVP/Vitis_IP_MAC/IP_MAC_BD_wrapper/export/IP_MAC_BD_wrapper/hw/IP_MAC_BD_wrapper.xsa'.
23:18:00 INFO  : 'configparams force-mem-access 1' command is executed.
23:18:00 INFO  : Context for 'APU' is selected.
23:18:00 INFO  : Sourcing of 'C:/Users/Taimoor/Desktop/SIVP/Vitis_IP_MAC/Vitis_IP_MAC/_ide/psinit/ps7_init.tcl' is done.
23:18:01 INFO  : 'ps7_init' command is executed.
23:18:01 INFO  : 'ps7_post_config' command is executed.
23:18:01 INFO  : Context for processor 'ps7_cortexa9_0' is selected.
23:18:03 INFO  : The application 'C:/Users/Taimoor/Desktop/SIVP/Vitis_IP_MAC/Vitis_IP_MAC/Debug/Vitis_IP_MAC.elf' is downloaded to processor 'ps7_cortexa9_0'.
23:18:03 INFO  : 'configparams force-mem-access 0' command is executed.
23:18:03 INFO  : ----------------XSDB Script----------------
connect -url tcp:127.0.0.1:3121
targets -set -nocase -filter {name =~"APU*"}
rst -system
after 3000
targets -set -filter {jtag_cable_name =~ "Digilent JTAG-SMT1 210203A7D855A" && level==0 && jtag_device_ctx=="jsn-JTAG-SMT1-210203A7D855A-23727093-0"}
fpga -file C:/Users/Taimoor/Desktop/SIVP/Vitis_IP_MAC/Vitis_IP_MAC/_ide/bitstream/IP_MAC_BD_wrapper.bit
targets -set -nocase -filter {name =~"APU*"}
loadhw -hw C:/Users/Taimoor/Desktop/SIVP/Vitis_IP_MAC/IP_MAC_BD_wrapper/export/IP_MAC_BD_wrapper/hw/IP_MAC_BD_wrapper.xsa -mem-ranges [list {0x40000000 0xbfffffff}] -regs
configparams force-mem-access 1
targets -set -nocase -filter {name =~"APU*"}
source C:/Users/Taimoor/Desktop/SIVP/Vitis_IP_MAC/Vitis_IP_MAC/_ide/psinit/ps7_init.tcl
ps7_init
ps7_post_config
targets -set -nocase -filter {name =~ "*A9*#0"}
dow C:/Users/Taimoor/Desktop/SIVP/Vitis_IP_MAC/Vitis_IP_MAC/Debug/Vitis_IP_MAC.elf
configparams force-mem-access 0
----------------End of Script----------------

23:18:04 INFO  : Context for processor 'ps7_cortexa9_0' is selected.
23:18:04 INFO  : 'con' command is executed.
23:18:04 INFO  : ----------------XSDB Script (After Launch)----------------
targets -set -nocase -filter {name =~ "*A9*#0"}
con
----------------End of Script----------------

23:18:04 INFO  : Launch script is exported to file 'C:\Users\Taimoor\Desktop\SIVP\Vitis_IP_MAC\Vitis_IP_MAC_system\_ide\scripts\debugger_vitis_ip_mac-default.tcl'
23:23:18 INFO  : Disconnected from the channel tcfchan#5.
23:23:19 INFO  : Connected to target on host '127.0.0.1' and port '3121'.
23:23:19 INFO  : Jtag cable 'Digilent JTAG-SMT1 210203A7D855A' is selected.
23:23:19 INFO  : 'jtag frequency' command is executed.
23:23:19 INFO  : Context for 'APU' is selected.
23:23:19 INFO  : System reset is completed.
23:23:22 INFO  : 'after 3000' command is executed.
23:23:23 INFO  : 'targets -set -filter {jtag_cable_name =~ "Digilent JTAG-SMT1 210203A7D855A" && level==0 && jtag_device_ctx=="jsn-JTAG-SMT1-210203A7D855A-23727093-0"}' command is executed.
23:23:25 INFO  : Device configured successfully with "C:/Users/Taimoor/Desktop/SIVP/Vitis_IP_MAC/Vitis_IP_MAC/_ide/bitstream/IP_MAC_BD_wrapper.bit"
23:23:25 INFO  : Context for 'APU' is selected.
23:23:25 INFO  : Hardware design and registers information is loaded from 'C:/Users/Taimoor/Desktop/SIVP/Vitis_IP_MAC/IP_MAC_BD_wrapper/export/IP_MAC_BD_wrapper/hw/IP_MAC_BD_wrapper.xsa'.
23:23:25 INFO  : 'configparams force-mem-access 1' command is executed.
23:23:25 INFO  : Context for 'APU' is selected.
23:23:25 INFO  : Sourcing of 'C:/Users/Taimoor/Desktop/SIVP/Vitis_IP_MAC/Vitis_IP_MAC/_ide/psinit/ps7_init.tcl' is done.
23:23:26 INFO  : 'ps7_init' command is executed.
23:23:26 INFO  : 'ps7_post_config' command is executed.
23:23:26 INFO  : Context for processor 'ps7_cortexa9_0' is selected.
23:23:29 INFO  : The application 'C:/Users/Taimoor/Desktop/SIVP/Vitis_IP_MAC/Vitis_IP_MAC/Debug/Vitis_IP_MAC.elf' is downloaded to processor 'ps7_cortexa9_0'.
23:23:29 INFO  : 'configparams force-mem-access 0' command is executed.
23:23:29 INFO  : ----------------XSDB Script----------------
connect -url tcp:127.0.0.1:3121
targets -set -nocase -filter {name =~"APU*"}
rst -system
after 3000
targets -set -filter {jtag_cable_name =~ "Digilent JTAG-SMT1 210203A7D855A" && level==0 && jtag_device_ctx=="jsn-JTAG-SMT1-210203A7D855A-23727093-0"}
fpga -file C:/Users/Taimoor/Desktop/SIVP/Vitis_IP_MAC/Vitis_IP_MAC/_ide/bitstream/IP_MAC_BD_wrapper.bit
targets -set -nocase -filter {name =~"APU*"}
loadhw -hw C:/Users/Taimoor/Desktop/SIVP/Vitis_IP_MAC/IP_MAC_BD_wrapper/export/IP_MAC_BD_wrapper/hw/IP_MAC_BD_wrapper.xsa -mem-ranges [list {0x40000000 0xbfffffff}] -regs
configparams force-mem-access 1
targets -set -nocase -filter {name =~"APU*"}
source C:/Users/Taimoor/Desktop/SIVP/Vitis_IP_MAC/Vitis_IP_MAC/_ide/psinit/ps7_init.tcl
ps7_init
ps7_post_config
targets -set -nocase -filter {name =~ "*A9*#0"}
dow C:/Users/Taimoor/Desktop/SIVP/Vitis_IP_MAC/Vitis_IP_MAC/Debug/Vitis_IP_MAC.elf
configparams force-mem-access 0
----------------End of Script----------------

23:23:29 INFO  : Context for processor 'ps7_cortexa9_0' is selected.
23:23:29 INFO  : 'con' command is executed.
23:23:29 INFO  : ----------------XSDB Script (After Launch)----------------
targets -set -nocase -filter {name =~ "*A9*#0"}
con
----------------End of Script----------------

23:23:29 INFO  : Launch script is exported to file 'C:\Users\Taimoor\Desktop\SIVP\Vitis_IP_MAC\Vitis_IP_MAC_system\_ide\scripts\debugger_vitis_ip_mac-default.tcl'
00:13:41 INFO  : Connected to target on host '127.0.0.1' and port '3121'.
00:13:41 INFO  : 'targets -set -filter {jtag_cable_name =~ "Digilent JTAG-SMT1 210203A7D855A" && level==0 && jtag_device_ctx=="jsn-JTAG-SMT1-210203A7D855A-23727093-0"}' command is executed.
00:13:43 INFO  : Device configured successfully with "C:/Users/Taimoor/Desktop/SIVP/Vitis_IP_MAC/Vitis_IP_MAC/_ide/bitstream/IP_MAC_BD_wrapper.bit"
00:57:52 INFO  : Disconnected from the channel tcfchan#6.
00:57:53 INFO  : Connected to target on host '127.0.0.1' and port '3121'.
00:57:53 INFO  : Jtag cable 'Digilent JTAG-SMT1 210203A7D855A' is selected.
00:57:53 INFO  : 'jtag frequency' command is executed.
00:57:53 INFO  : Context for 'APU' is selected.
00:57:53 INFO  : System reset is completed.
00:57:56 INFO  : 'after 3000' command is executed.
00:57:57 INFO  : 'targets -set -filter {jtag_cable_name =~ "Digilent JTAG-SMT1 210203A7D855A" && level==0 && jtag_device_ctx=="jsn-JTAG-SMT1-210203A7D855A-23727093-0"}' command is executed.
00:57:59 INFO  : Device configured successfully with "C:/Users/Taimoor/Desktop/SIVP/Vitis_IP_MAC/Vitis_IP_MAC/_ide/bitstream/IP_MAC_BD_wrapper.bit"
00:57:59 INFO  : Context for 'APU' is selected.
00:57:59 INFO  : Hardware design and registers information is loaded from 'C:/Users/Taimoor/Desktop/SIVP/Vitis_IP_MAC/IP_MAC_BD_wrapper/export/IP_MAC_BD_wrapper/hw/IP_MAC_BD_wrapper.xsa'.
00:57:59 INFO  : 'configparams force-mem-access 1' command is executed.
00:57:59 INFO  : Context for 'APU' is selected.
00:57:59 INFO  : Sourcing of 'C:/Users/Taimoor/Desktop/SIVP/Vitis_IP_MAC/Vitis_IP_MAC/_ide/psinit/ps7_init.tcl' is done.
00:58:00 INFO  : 'ps7_init' command is executed.
00:58:00 INFO  : 'ps7_post_config' command is executed.
00:58:00 INFO  : Context for processor 'ps7_cortexa9_0' is selected.
00:58:03 INFO  : The application 'C:/Users/Taimoor/Desktop/SIVP/Vitis_IP_MAC/Vitis_IP_MAC/Debug/Vitis_IP_MAC.elf' is downloaded to processor 'ps7_cortexa9_0'.
00:58:03 INFO  : 'configparams force-mem-access 0' command is executed.
00:58:03 INFO  : ----------------XSDB Script----------------
connect -url tcp:127.0.0.1:3121
targets -set -nocase -filter {name =~"APU*"}
rst -system
after 3000
targets -set -filter {jtag_cable_name =~ "Digilent JTAG-SMT1 210203A7D855A" && level==0 && jtag_device_ctx=="jsn-JTAG-SMT1-210203A7D855A-23727093-0"}
fpga -file C:/Users/Taimoor/Desktop/SIVP/Vitis_IP_MAC/Vitis_IP_MAC/_ide/bitstream/IP_MAC_BD_wrapper.bit
targets -set -nocase -filter {name =~"APU*"}
loadhw -hw C:/Users/Taimoor/Desktop/SIVP/Vitis_IP_MAC/IP_MAC_BD_wrapper/export/IP_MAC_BD_wrapper/hw/IP_MAC_BD_wrapper.xsa -mem-ranges [list {0x40000000 0xbfffffff}] -regs
configparams force-mem-access 1
targets -set -nocase -filter {name =~"APU*"}
source C:/Users/Taimoor/Desktop/SIVP/Vitis_IP_MAC/Vitis_IP_MAC/_ide/psinit/ps7_init.tcl
ps7_init
ps7_post_config
targets -set -nocase -filter {name =~ "*A9*#0"}
dow C:/Users/Taimoor/Desktop/SIVP/Vitis_IP_MAC/Vitis_IP_MAC/Debug/Vitis_IP_MAC.elf
configparams force-mem-access 0
----------------End of Script----------------

00:58:03 INFO  : Context for processor 'ps7_cortexa9_0' is selected.
00:58:03 INFO  : 'con' command is executed.
00:58:03 INFO  : ----------------XSDB Script (After Launch)----------------
targets -set -nocase -filter {name =~ "*A9*#0"}
con
----------------End of Script----------------

00:58:03 INFO  : Launch script is exported to file 'C:\Users\Taimoor\Desktop\SIVP\Vitis_IP_MAC\Vitis_IP_MAC_system\_ide\scripts\debugger_vitis_ip_mac-default.tcl'
01:00:12 INFO  : Hardware specification for platform project 'IP_MAC_BD_wrapper' is updated.
01:00:28 INFO  : Result from executing command 'getProjects': IP_MAC_BD_wrapper
01:00:28 INFO  : Result from executing command 'getPlatforms': IP_MAC_BD_wrapper|C:/Users/Taimoor/Desktop/SIVP/Vitis_IP_MAC/IP_MAC_BD_wrapper/export/IP_MAC_BD_wrapper/IP_MAC_BD_wrapper.xpfm
01:00:29 INFO  : Checking for BSP changes to sync application flags for project 'Vitis_IP_MAC'...
01:00:49 INFO  : Disconnected from the channel tcfchan#7.
01:00:50 INFO  : The hardware specfication used by project 'Vitis_IP_MAC' is out of sync with the platform. Resource files extracted from the hardware specfiication will be updated.
01:00:50 INFO  : The file 'C:\Users\Taimoor\Desktop\SIVP\Vitis_IP_MAC\Vitis_IP_MAC\_ide\bitstream\IP_MAC_BD_wrapper.bit' stored in project is removed.
01:00:50 INFO  : The updated bitstream files are copied from platform to folder 'C:\Users\Taimoor\Desktop\SIVP\Vitis_IP_MAC\Vitis_IP_MAC\_ide\bitstream' in project 'Vitis_IP_MAC'.
01:00:50 INFO  : The file 'C:\Users\Taimoor\Desktop\SIVP\Vitis_IP_MAC\Vitis_IP_MAC\_ide\psinit\ps7_init.tcl' stored in project is removed.
01:00:57 INFO  : The updated ps init files are copied from platform to folder 'C:\Users\Taimoor\Desktop\SIVP\Vitis_IP_MAC\Vitis_IP_MAC\_ide\psinit' in project 'Vitis_IP_MAC'.
01:00:57 INFO  : Connected to target on host '127.0.0.1' and port '3121'.
01:00:58 INFO  : Jtag cable 'Digilent JTAG-SMT1 210203A7D855A' is selected.
01:00:58 INFO  : 'jtag frequency' command is executed.
01:00:58 INFO  : Context for 'APU' is selected.
01:00:58 INFO  : System reset is completed.
01:01:01 INFO  : 'after 3000' command is executed.
01:01:01 INFO  : 'targets -set -filter {jtag_cable_name =~ "Digilent JTAG-SMT1 210203A7D855A" && level==0 && jtag_device_ctx=="jsn-JTAG-SMT1-210203A7D855A-23727093-0"}' command is executed.
01:01:03 INFO  : Device configured successfully with "C:/Users/Taimoor/Desktop/SIVP/Vitis_IP_MAC/Vitis_IP_MAC/_ide/bitstream/IP_MAC_BD_wrapper.bit"
01:01:03 INFO  : Context for 'APU' is selected.
01:01:03 INFO  : Hardware design and registers information is loaded from 'C:/Users/Taimoor/Desktop/SIVP/Vitis_IP_MAC/IP_MAC_BD_wrapper/export/IP_MAC_BD_wrapper/hw/IP_MAC_BD_wrapper.xsa'.
01:01:03 INFO  : 'configparams force-mem-access 1' command is executed.
01:01:03 INFO  : Context for 'APU' is selected.
01:01:03 INFO  : Sourcing of 'C:/Users/Taimoor/Desktop/SIVP/Vitis_IP_MAC/Vitis_IP_MAC/_ide/psinit/ps7_init.tcl' is done.
01:01:04 INFO  : 'ps7_init' command is executed.
01:01:04 INFO  : 'ps7_post_config' command is executed.
01:01:04 INFO  : Context for processor 'ps7_cortexa9_0' is selected.
01:01:06 INFO  : The application 'C:/Users/Taimoor/Desktop/SIVP/Vitis_IP_MAC/Vitis_IP_MAC/Debug/Vitis_IP_MAC.elf' is downloaded to processor 'ps7_cortexa9_0'.
01:01:06 INFO  : 'configparams force-mem-access 0' command is executed.
01:01:06 INFO  : ----------------XSDB Script----------------
connect -url tcp:127.0.0.1:3121
targets -set -nocase -filter {name =~"APU*"}
rst -system
after 3000
targets -set -filter {jtag_cable_name =~ "Digilent JTAG-SMT1 210203A7D855A" && level==0 && jtag_device_ctx=="jsn-JTAG-SMT1-210203A7D855A-23727093-0"}
fpga -file C:/Users/Taimoor/Desktop/SIVP/Vitis_IP_MAC/Vitis_IP_MAC/_ide/bitstream/IP_MAC_BD_wrapper.bit
targets -set -nocase -filter {name =~"APU*"}
loadhw -hw C:/Users/Taimoor/Desktop/SIVP/Vitis_IP_MAC/IP_MAC_BD_wrapper/export/IP_MAC_BD_wrapper/hw/IP_MAC_BD_wrapper.xsa -mem-ranges [list {0x40000000 0xbfffffff}] -regs
configparams force-mem-access 1
targets -set -nocase -filter {name =~"APU*"}
source C:/Users/Taimoor/Desktop/SIVP/Vitis_IP_MAC/Vitis_IP_MAC/_ide/psinit/ps7_init.tcl
ps7_init
ps7_post_config
targets -set -nocase -filter {name =~ "*A9*#0"}
dow C:/Users/Taimoor/Desktop/SIVP/Vitis_IP_MAC/Vitis_IP_MAC/Debug/Vitis_IP_MAC.elf
configparams force-mem-access 0
----------------End of Script----------------

01:01:06 INFO  : Context for processor 'ps7_cortexa9_0' is selected.
01:01:06 INFO  : 'con' command is executed.
01:01:06 INFO  : ----------------XSDB Script (After Launch)----------------
targets -set -nocase -filter {name =~ "*A9*#0"}
con
----------------End of Script----------------

01:01:06 INFO  : Launch script is exported to file 'C:\Users\Taimoor\Desktop\SIVP\Vitis_IP_MAC\Vitis_IP_MAC_system\_ide\scripts\debugger_vitis_ip_mac-default.tcl'
01:25:14 INFO  : Checking for BSP changes to sync application flags for project 'Vitis_IP_MAC'...
01:25:26 INFO  : Disconnected from the channel tcfchan#9.
01:25:27 INFO  : Connected to target on host '127.0.0.1' and port '3121'.
01:25:27 INFO  : Jtag cable 'Digilent JTAG-SMT1 210203A7D855A' is selected.
01:25:27 INFO  : 'jtag frequency' command is executed.
01:25:27 INFO  : Context for 'APU' is selected.
01:25:27 INFO  : System reset is completed.
01:25:30 INFO  : 'after 3000' command is executed.
01:25:30 INFO  : 'targets -set -filter {jtag_cable_name =~ "Digilent JTAG-SMT1 210203A7D855A" && level==0 && jtag_device_ctx=="jsn-JTAG-SMT1-210203A7D855A-23727093-0"}' command is executed.
01:25:32 INFO  : Device configured successfully with "C:/Users/Taimoor/Desktop/SIVP/Vitis_IP_MAC/Vitis_IP_MAC/_ide/bitstream/IP_MAC_BD_wrapper.bit"
01:25:33 INFO  : Context for 'APU' is selected.
01:25:33 INFO  : Hardware design and registers information is loaded from 'C:/Users/Taimoor/Desktop/SIVP/Vitis_IP_MAC/IP_MAC_BD_wrapper/export/IP_MAC_BD_wrapper/hw/IP_MAC_BD_wrapper.xsa'.
01:25:33 INFO  : 'configparams force-mem-access 1' command is executed.
01:25:33 INFO  : Context for 'APU' is selected.
01:25:33 INFO  : Sourcing of 'C:/Users/Taimoor/Desktop/SIVP/Vitis_IP_MAC/Vitis_IP_MAC/_ide/psinit/ps7_init.tcl' is done.
01:25:33 INFO  : 'ps7_init' command is executed.
01:25:33 INFO  : 'ps7_post_config' command is executed.
01:25:33 INFO  : Context for processor 'ps7_cortexa9_0' is selected.
01:25:35 INFO  : The application 'C:/Users/Taimoor/Desktop/SIVP/Vitis_IP_MAC/Vitis_IP_MAC/Debug/Vitis_IP_MAC.elf' is downloaded to processor 'ps7_cortexa9_0'.
01:25:35 INFO  : 'configparams force-mem-access 0' command is executed.
01:25:35 INFO  : ----------------XSDB Script----------------
connect -url tcp:127.0.0.1:3121
targets -set -nocase -filter {name =~"APU*"}
rst -system
after 3000
targets -set -filter {jtag_cable_name =~ "Digilent JTAG-SMT1 210203A7D855A" && level==0 && jtag_device_ctx=="jsn-JTAG-SMT1-210203A7D855A-23727093-0"}
fpga -file C:/Users/Taimoor/Desktop/SIVP/Vitis_IP_MAC/Vitis_IP_MAC/_ide/bitstream/IP_MAC_BD_wrapper.bit
targets -set -nocase -filter {name =~"APU*"}
loadhw -hw C:/Users/Taimoor/Desktop/SIVP/Vitis_IP_MAC/IP_MAC_BD_wrapper/export/IP_MAC_BD_wrapper/hw/IP_MAC_BD_wrapper.xsa -mem-ranges [list {0x40000000 0xbfffffff}] -regs
configparams force-mem-access 1
targets -set -nocase -filter {name =~"APU*"}
source C:/Users/Taimoor/Desktop/SIVP/Vitis_IP_MAC/Vitis_IP_MAC/_ide/psinit/ps7_init.tcl
ps7_init
ps7_post_config
targets -set -nocase -filter {name =~ "*A9*#0"}
dow C:/Users/Taimoor/Desktop/SIVP/Vitis_IP_MAC/Vitis_IP_MAC/Debug/Vitis_IP_MAC.elf
configparams force-mem-access 0
----------------End of Script----------------

01:25:35 INFO  : Context for processor 'ps7_cortexa9_0' is selected.
01:25:35 INFO  : 'con' command is executed.
01:25:35 INFO  : ----------------XSDB Script (After Launch)----------------
targets -set -nocase -filter {name =~ "*A9*#0"}
con
----------------End of Script----------------

01:25:35 INFO  : Launch script is exported to file 'C:\Users\Taimoor\Desktop\SIVP\Vitis_IP_MAC\Vitis_IP_MAC_system\_ide\scripts\debugger_vitis_ip_mac-default.tcl'
02:34:09 INFO  : Hardware specification for platform project 'IP_MAC_BD_wrapper' is updated.
02:34:17 INFO  : Result from executing command 'getProjects': IP_MAC_BD_wrapper
02:34:17 INFO  : Result from executing command 'getPlatforms': IP_MAC_BD_wrapper|C:/Users/Taimoor/Desktop/SIVP/Vitis_IP_MAC/IP_MAC_BD_wrapper/export/IP_MAC_BD_wrapper/IP_MAC_BD_wrapper.xpfm
02:34:28 INFO  : Checking for BSP changes to sync application flags for project 'Vitis_IP_MAC'...
02:34:37 INFO  : Disconnected from the channel tcfchan#10.
02:34:38 INFO  : Connected to target on host '127.0.0.1' and port '3121'.
02:34:38 INFO  : Jtag cable 'Digilent JTAG-SMT1 210203A7D855A' is selected.
02:34:38 INFO  : 'jtag frequency' command is executed.
02:34:38 INFO  : Context for 'APU' is selected.
02:34:38 INFO  : System reset is completed.
02:34:41 INFO  : 'after 3000' command is executed.
02:34:41 INFO  : 'targets -set -filter {jtag_cable_name =~ "Digilent JTAG-SMT1 210203A7D855A" && level==0 && jtag_device_ctx=="jsn-JTAG-SMT1-210203A7D855A-23727093-0"}' command is executed.
02:34:44 INFO  : Device configured successfully with "C:/Users/Taimoor/Desktop/SIVP/Vitis_IP_MAC/Vitis_IP_MAC/_ide/bitstream/IP_MAC_BD_wrapper.bit"
02:34:44 INFO  : Context for 'APU' is selected.
02:34:44 INFO  : Hardware design and registers information is loaded from 'C:/Users/Taimoor/Desktop/SIVP/Vitis_IP_MAC/IP_MAC_BD_wrapper/export/IP_MAC_BD_wrapper/hw/IP_MAC_BD_wrapper.xsa'.
02:34:44 INFO  : 'configparams force-mem-access 1' command is executed.
02:34:44 INFO  : Context for 'APU' is selected.
02:34:44 INFO  : Sourcing of 'C:/Users/Taimoor/Desktop/SIVP/Vitis_IP_MAC/Vitis_IP_MAC/_ide/psinit/ps7_init.tcl' is done.
02:34:44 INFO  : 'ps7_init' command is executed.
02:34:44 INFO  : 'ps7_post_config' command is executed.
02:34:44 INFO  : Context for processor 'ps7_cortexa9_0' is selected.
02:34:46 INFO  : The application 'C:/Users/Taimoor/Desktop/SIVP/Vitis_IP_MAC/Vitis_IP_MAC/Debug/Vitis_IP_MAC.elf' is downloaded to processor 'ps7_cortexa9_0'.
02:34:46 INFO  : 'configparams force-mem-access 0' command is executed.
02:34:46 INFO  : ----------------XSDB Script----------------
connect -url tcp:127.0.0.1:3121
targets -set -nocase -filter {name =~"APU*"}
rst -system
after 3000
targets -set -filter {jtag_cable_name =~ "Digilent JTAG-SMT1 210203A7D855A" && level==0 && jtag_device_ctx=="jsn-JTAG-SMT1-210203A7D855A-23727093-0"}
fpga -file C:/Users/Taimoor/Desktop/SIVP/Vitis_IP_MAC/Vitis_IP_MAC/_ide/bitstream/IP_MAC_BD_wrapper.bit
targets -set -nocase -filter {name =~"APU*"}
loadhw -hw C:/Users/Taimoor/Desktop/SIVP/Vitis_IP_MAC/IP_MAC_BD_wrapper/export/IP_MAC_BD_wrapper/hw/IP_MAC_BD_wrapper.xsa -mem-ranges [list {0x40000000 0xbfffffff}] -regs
configparams force-mem-access 1
targets -set -nocase -filter {name =~"APU*"}
source C:/Users/Taimoor/Desktop/SIVP/Vitis_IP_MAC/Vitis_IP_MAC/_ide/psinit/ps7_init.tcl
ps7_init
ps7_post_config
targets -set -nocase -filter {name =~ "*A9*#0"}
dow C:/Users/Taimoor/Desktop/SIVP/Vitis_IP_MAC/Vitis_IP_MAC/Debug/Vitis_IP_MAC.elf
configparams force-mem-access 0
----------------End of Script----------------

02:34:47 INFO  : Context for processor 'ps7_cortexa9_0' is selected.
02:34:47 INFO  : 'con' command is executed.
02:34:47 INFO  : ----------------XSDB Script (After Launch)----------------
targets -set -nocase -filter {name =~ "*A9*#0"}
con
----------------End of Script----------------

02:34:47 INFO  : Launch script is exported to file 'C:\Users\Taimoor\Desktop\SIVP\Vitis_IP_MAC\Vitis_IP_MAC_system\_ide\scripts\debugger_vitis_ip_mac-default.tcl'
02:43:27 INFO  : Checking for BSP changes to sync application flags for project 'Vitis_IP_MAC'...
02:43:27 ERROR : Failed to openhw "C:/Users/Taimoor/Desktop/SIVP/Vitis_IP_MAC/IP_MAC_BD_wrapper/export/IP_MAC_BD_wrapper/hw/IP_MAC_BD_wrapper.xsa"
Reason: ERROR: [Common 17-39] 'hsi::open_hw_design' failed due to earlier errors.

02:43:27 ERROR : Failed to update application flags from BSP for 'Vitis_IP_MAC'. Reason: null
java.lang.NullPointerException
	at com.xilinx.sdx.sw.internal.SDxSwPlatform.<init>(SDxSwPlatform.java:305)
	at com.xilinx.sdx.sw.internal.SDxSwPlatform.create(SDxSwPlatform.java:214)
	at com.xilinx.sdx.sdk.core.util.SdkPlatformHelper.getSwPlatform(SdkPlatformHelper.java:61)
	at com.xilinx.sdx.sdk.core.build.SdkMakefileGenerationListener.getSwPlatform(SdkMakefileGenerationListener.java:160)
	at com.xilinx.sdx.sdk.core.build.SdkMakefileGenerationListener.syncAppFlags(SdkMakefileGenerationListener.java:78)
	at com.xilinx.sdx.sdk.core.build.SdkMakefileGenerationListener.preMakefileGeneration(SdkMakefileGenerationListener.java:48)
	at com.xilinx.sdk.managedbuilder.XilinxGnuMakefileGenerator.notifyPreMakefileGenerationListeners(XilinxGnuMakefileGenerator.java:91)
	at com.xilinx.sdk.managedbuilder.XilinxGnuMakefileGenerator.generateMakefiles(XilinxGnuMakefileGenerator.java:40)
	at org.eclipse.cdt.managedbuilder.internal.core.CommonBuilder.performMakefileGeneration(CommonBuilder.java:1008)
	at org.eclipse.cdt.managedbuilder.internal.core.CommonBuilder.performPrebuildGeneration(CommonBuilder.java:873)
	at org.eclipse.cdt.managedbuilder.internal.core.CommonBuilder.build(CommonBuilder.java:748)
	at org.eclipse.cdt.managedbuilder.internal.core.CommonBuilder.build(CommonBuilder.java:510)
	at org.eclipse.cdt.managedbuilder.internal.core.CommonBuilder.build(CommonBuilder.java:459)
	at org.eclipse.core.internal.events.BuildManager$2.run(BuildManager.java:832)
	at org.eclipse.core.runtime.SafeRunner.run(SafeRunner.java:45)
	at org.eclipse.core.internal.events.BuildManager.basicBuild(BuildManager.java:220)
	at org.eclipse.core.internal.events.BuildManager.basicBuild(BuildManager.java:263)
	at org.eclipse.core.internal.events.BuildManager$1.run(BuildManager.java:316)
	at org.eclipse.core.runtime.SafeRunner.run(SafeRunner.java:45)
	at org.eclipse.core.internal.events.BuildManager.basicBuild(BuildManager.java:319)
	at org.eclipse.core.internal.events.BuildManager.basicBuildLoop(BuildManager.java:371)
	at org.eclipse.core.internal.events.BuildManager.build(BuildManager.java:392)
	at org.eclipse.core.internal.resources.Workspace.buildInternal(Workspace.java:515)
	at org.eclipse.core.internal.resources.Workspace.build(Workspace.java:412)
	at org.eclipse.ui.actions.BuildAction$1.runInWorkspace(BuildAction.java:291)
	at org.eclipse.core.internal.resources.InternalWorkspaceJob.run(InternalWorkspaceJob.java:42)
	at org.eclipse.core.internal.jobs.Worker.run(Worker.java:63)
02:44:08 INFO  : Hardware specification for platform project 'IP_MAC_BD_wrapper' is updated.
02:44:47 INFO  : Checking for BSP changes to sync application flags for project 'Vitis_IP_MAC'...
02:44:47 ERROR : Failed to openhw "C:/Users/Taimoor/Desktop/SIVP/Vitis_IP_MAC/IP_MAC_BD_wrapper/export/IP_MAC_BD_wrapper/hw/IP_MAC_BD_wrapper.xsa"
Reason: ERROR: [Common 17-39] 'hsi::open_hw_design' failed due to earlier errors.

02:44:47 ERROR : Failed to update application flags from BSP for 'Vitis_IP_MAC'. Reason: null
java.lang.NullPointerException
	at com.xilinx.sdx.sw.internal.SDxSwPlatform.<init>(SDxSwPlatform.java:305)
	at com.xilinx.sdx.sw.internal.SDxSwPlatform.create(SDxSwPlatform.java:214)
	at com.xilinx.sdx.sdk.core.util.SdkPlatformHelper.getSwPlatform(SdkPlatformHelper.java:61)
	at com.xilinx.sdx.sdk.core.build.SdkMakefileGenerationListener.getSwPlatform(SdkMakefileGenerationListener.java:160)
	at com.xilinx.sdx.sdk.core.build.SdkMakefileGenerationListener.syncAppFlags(SdkMakefileGenerationListener.java:78)
	at com.xilinx.sdx.sdk.core.build.SdkMakefileGenerationListener.preMakefileGeneration(SdkMakefileGenerationListener.java:48)
	at com.xilinx.sdk.managedbuilder.XilinxGnuMakefileGenerator.notifyPreMakefileGenerationListeners(XilinxGnuMakefileGenerator.java:91)
	at com.xilinx.sdk.managedbuilder.XilinxGnuMakefileGenerator.generateMakefiles(XilinxGnuMakefileGenerator.java:40)
	at org.eclipse.cdt.managedbuilder.internal.core.CommonBuilder.performMakefileGeneration(CommonBuilder.java:1008)
	at org.eclipse.cdt.managedbuilder.internal.core.CommonBuilder.performPrebuildGeneration(CommonBuilder.java:873)
	at org.eclipse.cdt.managedbuilder.internal.core.CommonBuilder.build(CommonBuilder.java:748)
	at org.eclipse.cdt.managedbuilder.internal.core.CommonBuilder.build(CommonBuilder.java:510)
	at org.eclipse.cdt.managedbuilder.internal.core.CommonBuilder.build(CommonBuilder.java:459)
	at org.eclipse.core.internal.events.BuildManager$2.run(BuildManager.java:832)
	at org.eclipse.core.runtime.SafeRunner.run(SafeRunner.java:45)
	at org.eclipse.core.internal.events.BuildManager.basicBuild(BuildManager.java:220)
	at org.eclipse.core.internal.events.BuildManager.basicBuild(BuildManager.java:263)
	at org.eclipse.core.internal.events.BuildManager$1.run(BuildManager.java:316)
	at org.eclipse.core.runtime.SafeRunner.run(SafeRunner.java:45)
	at org.eclipse.core.internal.events.BuildManager.basicBuild(BuildManager.java:319)
	at org.eclipse.core.internal.events.BuildManager.basicBuildLoop(BuildManager.java:371)
	at org.eclipse.core.internal.events.BuildManager.build(BuildManager.java:392)
	at org.eclipse.core.internal.resources.Workspace.buildInternal(Workspace.java:515)
	at org.eclipse.core.internal.resources.Workspace.build(Workspace.java:412)
	at org.eclipse.ui.actions.BuildAction$1.runInWorkspace(BuildAction.java:291)
	at org.eclipse.core.internal.resources.InternalWorkspaceJob.run(InternalWorkspaceJob.java:42)
	at org.eclipse.core.internal.jobs.Worker.run(Worker.java:63)
02:46:07 INFO  : Hardware specification for platform project 'IP_MAC_BD_wrapper' is updated.
02:46:48 INFO  : Checking for BSP changes to sync application flags for project 'Vitis_IP_MAC'...
02:46:48 ERROR : Failed to openhw "C:/Users/Taimoor/Desktop/SIVP/Vitis_IP_MAC/IP_MAC_BD_wrapper/export/IP_MAC_BD_wrapper/hw/IP_MAC_BD_wrapper.xsa"
Reason: ERROR: [Common 17-39] 'hsi::open_hw_design' failed due to earlier errors.

02:46:48 ERROR : Failed to update application flags from BSP for 'Vitis_IP_MAC'. Reason: null
java.lang.NullPointerException
	at com.xilinx.sdx.sw.internal.SDxSwPlatform.<init>(SDxSwPlatform.java:305)
	at com.xilinx.sdx.sw.internal.SDxSwPlatform.create(SDxSwPlatform.java:214)
	at com.xilinx.sdx.sdk.core.util.SdkPlatformHelper.getSwPlatform(SdkPlatformHelper.java:61)
	at com.xilinx.sdx.sdk.core.build.SdkMakefileGenerationListener.getSwPlatform(SdkMakefileGenerationListener.java:160)
	at com.xilinx.sdx.sdk.core.build.SdkMakefileGenerationListener.syncAppFlags(SdkMakefileGenerationListener.java:78)
	at com.xilinx.sdx.sdk.core.build.SdkMakefileGenerationListener.preMakefileGeneration(SdkMakefileGenerationListener.java:48)
	at com.xilinx.sdk.managedbuilder.XilinxGnuMakefileGenerator.notifyPreMakefileGenerationListeners(XilinxGnuMakefileGenerator.java:91)
	at com.xilinx.sdk.managedbuilder.XilinxGnuMakefileGenerator.generateMakefiles(XilinxGnuMakefileGenerator.java:40)
	at org.eclipse.cdt.managedbuilder.internal.core.CommonBuilder.performMakefileGeneration(CommonBuilder.java:1008)
	at org.eclipse.cdt.managedbuilder.internal.core.CommonBuilder.performPrebuildGeneration(CommonBuilder.java:873)
	at org.eclipse.cdt.managedbuilder.internal.core.CommonBuilder.build(CommonBuilder.java:748)
	at org.eclipse.cdt.managedbuilder.internal.core.CommonBuilder.build(CommonBuilder.java:510)
	at org.eclipse.cdt.managedbuilder.internal.core.CommonBuilder.build(CommonBuilder.java:459)
	at org.eclipse.core.internal.events.BuildManager$2.run(BuildManager.java:832)
	at org.eclipse.core.runtime.SafeRunner.run(SafeRunner.java:45)
	at org.eclipse.core.internal.events.BuildManager.basicBuild(BuildManager.java:220)
	at org.eclipse.core.internal.events.BuildManager.basicBuild(BuildManager.java:263)
	at org.eclipse.core.internal.events.BuildManager$1.run(BuildManager.java:316)
	at org.eclipse.core.runtime.SafeRunner.run(SafeRunner.java:45)
	at org.eclipse.core.internal.events.BuildManager.basicBuild(BuildManager.java:319)
	at org.eclipse.core.internal.events.BuildManager.basicBuildLoop(BuildManager.java:371)
	at org.eclipse.core.internal.events.BuildManager.build(BuildManager.java:392)
	at org.eclipse.core.internal.resources.Workspace.buildInternal(Workspace.java:515)
	at org.eclipse.core.internal.resources.Workspace.build(Workspace.java:412)
	at org.eclipse.ui.actions.BuildAction$1.runInWorkspace(BuildAction.java:291)
	at org.eclipse.core.internal.resources.InternalWorkspaceJob.run(InternalWorkspaceJob.java:42)
	at org.eclipse.core.internal.jobs.Worker.run(Worker.java:63)
02:48:54 INFO  : Result from executing command 'getProjects': IP_MAC_BD_wrapper
02:48:54 INFO  : Result from executing command 'getPlatforms': IP_MAC_BD_wrapper|C:/Users/Taimoor/Desktop/SIVP/Vitis_IP_MAC/IP_MAC_BD_wrapper/export/IP_MAC_BD_wrapper/IP_MAC_BD_wrapper.xpfm
02:49:02 INFO  : Checking for BSP changes to sync application flags for project 'Vitis_IP_MAC'...
02:49:13 INFO  : Disconnected from the channel tcfchan#12.
02:49:14 INFO  : The hardware specfication used by project 'Vitis_IP_MAC' is out of sync with the platform. Resource files extracted from the hardware specfiication will be updated.
02:49:14 INFO  : The file 'C:\Users\Taimoor\Desktop\SIVP\Vitis_IP_MAC\Vitis_IP_MAC\_ide\bitstream\IP_MAC_BD_wrapper.bit' stored in project is removed.
02:49:14 INFO  : The updated bitstream files are copied from platform to folder 'C:\Users\Taimoor\Desktop\SIVP\Vitis_IP_MAC\Vitis_IP_MAC\_ide\bitstream' in project 'Vitis_IP_MAC'.
02:49:14 INFO  : The file 'C:\Users\Taimoor\Desktop\SIVP\Vitis_IP_MAC\Vitis_IP_MAC\_ide\psinit\ps7_init.tcl' stored in project is removed.
02:49:20 INFO  : The updated ps init files are copied from platform to folder 'C:\Users\Taimoor\Desktop\SIVP\Vitis_IP_MAC\Vitis_IP_MAC\_ide\psinit' in project 'Vitis_IP_MAC'.
02:49:20 INFO  : Connected to target on host '127.0.0.1' and port '3121'.
02:49:21 INFO  : Jtag cable 'Digilent JTAG-SMT1 210203A7D855A' is selected.
02:49:21 INFO  : 'jtag frequency' command is executed.
02:49:21 INFO  : Context for 'APU' is selected.
02:49:21 INFO  : System reset is completed.
02:49:24 INFO  : 'after 3000' command is executed.
02:49:24 INFO  : 'targets -set -filter {jtag_cable_name =~ "Digilent JTAG-SMT1 210203A7D855A" && level==0 && jtag_device_ctx=="jsn-JTAG-SMT1-210203A7D855A-23727093-0"}' command is executed.
02:49:26 INFO  : Device configured successfully with "C:/Users/Taimoor/Desktop/SIVP/Vitis_IP_MAC/Vitis_IP_MAC/_ide/bitstream/IP_MAC_BD_wrapper.bit"
02:49:26 INFO  : Context for 'APU' is selected.
02:49:26 INFO  : Hardware design and registers information is loaded from 'C:/Users/Taimoor/Desktop/SIVP/Vitis_IP_MAC/IP_MAC_BD_wrapper/export/IP_MAC_BD_wrapper/hw/IP_MAC_BD_wrapper.xsa'.
02:49:26 INFO  : 'configparams force-mem-access 1' command is executed.
02:49:26 INFO  : Context for 'APU' is selected.
02:49:26 INFO  : Sourcing of 'C:/Users/Taimoor/Desktop/SIVP/Vitis_IP_MAC/Vitis_IP_MAC/_ide/psinit/ps7_init.tcl' is done.
02:49:26 INFO  : 'ps7_init' command is executed.
02:49:26 INFO  : 'ps7_post_config' command is executed.
02:49:26 INFO  : Context for processor 'ps7_cortexa9_0' is selected.
02:49:29 INFO  : The application 'C:/Users/Taimoor/Desktop/SIVP/Vitis_IP_MAC/Vitis_IP_MAC/Debug/Vitis_IP_MAC.elf' is downloaded to processor 'ps7_cortexa9_0'.
02:49:29 INFO  : 'configparams force-mem-access 0' command is executed.
02:49:29 INFO  : ----------------XSDB Script----------------
connect -url tcp:127.0.0.1:3121
targets -set -nocase -filter {name =~"APU*"}
rst -system
after 3000
targets -set -filter {jtag_cable_name =~ "Digilent JTAG-SMT1 210203A7D855A" && level==0 && jtag_device_ctx=="jsn-JTAG-SMT1-210203A7D855A-23727093-0"}
fpga -file C:/Users/Taimoor/Desktop/SIVP/Vitis_IP_MAC/Vitis_IP_MAC/_ide/bitstream/IP_MAC_BD_wrapper.bit
targets -set -nocase -filter {name =~"APU*"}
loadhw -hw C:/Users/Taimoor/Desktop/SIVP/Vitis_IP_MAC/IP_MAC_BD_wrapper/export/IP_MAC_BD_wrapper/hw/IP_MAC_BD_wrapper.xsa -mem-ranges [list {0x40000000 0xbfffffff}] -regs
configparams force-mem-access 1
targets -set -nocase -filter {name =~"APU*"}
source C:/Users/Taimoor/Desktop/SIVP/Vitis_IP_MAC/Vitis_IP_MAC/_ide/psinit/ps7_init.tcl
ps7_init
ps7_post_config
targets -set -nocase -filter {name =~ "*A9*#0"}
dow C:/Users/Taimoor/Desktop/SIVP/Vitis_IP_MAC/Vitis_IP_MAC/Debug/Vitis_IP_MAC.elf
configparams force-mem-access 0
----------------End of Script----------------

02:49:29 INFO  : Context for processor 'ps7_cortexa9_0' is selected.
02:49:29 INFO  : 'con' command is executed.
02:49:29 INFO  : ----------------XSDB Script (After Launch)----------------
targets -set -nocase -filter {name =~ "*A9*#0"}
con
----------------End of Script----------------

02:49:29 INFO  : Launch script is exported to file 'C:\Users\Taimoor\Desktop\SIVP\Vitis_IP_MAC\Vitis_IP_MAC_system\_ide\scripts\debugger_vitis_ip_mac-default.tcl'
03:01:02 INFO  : Hardware specification for platform project 'IP_MAC_BD_wrapper' is updated.
03:01:18 INFO  : Result from executing command 'getProjects': IP_MAC_BD_wrapper
03:01:18 INFO  : Result from executing command 'getPlatforms': IP_MAC_BD_wrapper|C:/Users/Taimoor/Desktop/SIVP/Vitis_IP_MAC/IP_MAC_BD_wrapper/export/IP_MAC_BD_wrapper/IP_MAC_BD_wrapper.xpfm
03:01:25 INFO  : Checking for BSP changes to sync application flags for project 'Vitis_IP_MAC'...
03:01:41 INFO  : Disconnected from the channel tcfchan#22.
03:01:42 INFO  : The hardware specfication used by project 'Vitis_IP_MAC' is out of sync with the platform. Resource files extracted from the hardware specfiication will be updated.
03:01:42 INFO  : The file 'C:\Users\Taimoor\Desktop\SIVP\Vitis_IP_MAC\Vitis_IP_MAC\_ide\bitstream\IP_MAC_BD_wrapper.bit' stored in project is removed.
03:01:42 INFO  : The updated bitstream files are copied from platform to folder 'C:\Users\Taimoor\Desktop\SIVP\Vitis_IP_MAC\Vitis_IP_MAC\_ide\bitstream' in project 'Vitis_IP_MAC'.
03:01:42 INFO  : The file 'C:\Users\Taimoor\Desktop\SIVP\Vitis_IP_MAC\Vitis_IP_MAC\_ide\psinit\ps7_init.tcl' stored in project is removed.
03:01:47 INFO  : The updated ps init files are copied from platform to folder 'C:\Users\Taimoor\Desktop\SIVP\Vitis_IP_MAC\Vitis_IP_MAC\_ide\psinit' in project 'Vitis_IP_MAC'.
03:01:47 INFO  : Connected to target on host '127.0.0.1' and port '3121'.
03:01:48 INFO  : Jtag cable 'Digilent JTAG-SMT1 210203A7D855A' is selected.
03:01:48 INFO  : 'jtag frequency' command is executed.
03:01:48 INFO  : Context for 'APU' is selected.
03:01:48 INFO  : System reset is completed.
03:01:51 INFO  : 'after 3000' command is executed.
03:01:51 INFO  : 'targets -set -filter {jtag_cable_name =~ "Digilent JTAG-SMT1 210203A7D855A" && level==0 && jtag_device_ctx=="jsn-JTAG-SMT1-210203A7D855A-23727093-0"}' command is executed.
03:01:53 INFO  : Device configured successfully with "C:/Users/Taimoor/Desktop/SIVP/Vitis_IP_MAC/Vitis_IP_MAC/_ide/bitstream/IP_MAC_BD_wrapper.bit"
03:01:53 INFO  : Context for 'APU' is selected.
03:01:53 INFO  : Hardware design and registers information is loaded from 'C:/Users/Taimoor/Desktop/SIVP/Vitis_IP_MAC/IP_MAC_BD_wrapper/export/IP_MAC_BD_wrapper/hw/IP_MAC_BD_wrapper.xsa'.
03:01:53 INFO  : 'configparams force-mem-access 1' command is executed.
03:01:53 INFO  : Context for 'APU' is selected.
03:01:53 INFO  : Sourcing of 'C:/Users/Taimoor/Desktop/SIVP/Vitis_IP_MAC/Vitis_IP_MAC/_ide/psinit/ps7_init.tcl' is done.
03:01:54 INFO  : 'ps7_init' command is executed.
03:01:54 INFO  : 'ps7_post_config' command is executed.
03:01:54 INFO  : Context for processor 'ps7_cortexa9_0' is selected.
03:01:56 INFO  : The application 'C:/Users/Taimoor/Desktop/SIVP/Vitis_IP_MAC/Vitis_IP_MAC/Debug/Vitis_IP_MAC.elf' is downloaded to processor 'ps7_cortexa9_0'.
03:01:56 INFO  : 'configparams force-mem-access 0' command is executed.
03:01:56 INFO  : ----------------XSDB Script----------------
connect -url tcp:127.0.0.1:3121
targets -set -nocase -filter {name =~"APU*"}
rst -system
after 3000
targets -set -filter {jtag_cable_name =~ "Digilent JTAG-SMT1 210203A7D855A" && level==0 && jtag_device_ctx=="jsn-JTAG-SMT1-210203A7D855A-23727093-0"}
fpga -file C:/Users/Taimoor/Desktop/SIVP/Vitis_IP_MAC/Vitis_IP_MAC/_ide/bitstream/IP_MAC_BD_wrapper.bit
targets -set -nocase -filter {name =~"APU*"}
loadhw -hw C:/Users/Taimoor/Desktop/SIVP/Vitis_IP_MAC/IP_MAC_BD_wrapper/export/IP_MAC_BD_wrapper/hw/IP_MAC_BD_wrapper.xsa -mem-ranges [list {0x40000000 0xbfffffff}] -regs
configparams force-mem-access 1
targets -set -nocase -filter {name =~"APU*"}
source C:/Users/Taimoor/Desktop/SIVP/Vitis_IP_MAC/Vitis_IP_MAC/_ide/psinit/ps7_init.tcl
ps7_init
ps7_post_config
targets -set -nocase -filter {name =~ "*A9*#0"}
dow C:/Users/Taimoor/Desktop/SIVP/Vitis_IP_MAC/Vitis_IP_MAC/Debug/Vitis_IP_MAC.elf
configparams force-mem-access 0
----------------End of Script----------------

03:01:56 INFO  : Context for processor 'ps7_cortexa9_0' is selected.
03:01:56 INFO  : 'con' command is executed.
03:01:56 INFO  : ----------------XSDB Script (After Launch)----------------
targets -set -nocase -filter {name =~ "*A9*#0"}
con
----------------End of Script----------------

03:01:56 INFO  : Launch script is exported to file 'C:\Users\Taimoor\Desktop\SIVP\Vitis_IP_MAC\Vitis_IP_MAC_system\_ide\scripts\debugger_vitis_ip_mac-default.tcl'
15:30:41 INFO  : Launching XSCT server: xsct.bat -n  -interactive C:\Users\Taimoor\Desktop\SIVP\Vitis_IP_MAC\temp_xsdb_launch_script.tcl
15:30:44 INFO  : XSCT server has started successfully.
15:30:44 INFO  : plnx-install-location is set to ''
15:30:44 INFO  : Successfully done setting XSCT server connection channel  
15:30:44 INFO  : Successfully done setting workspace for the tool. 
15:30:46 INFO  : Platform repository initialization has completed.
15:30:46 INFO  : Registering command handlers for Vitis TCF services
15:30:53 INFO  : Successfully done query RDI_DATADIR 
15:33:57 INFO  : Checking for BSP changes to sync application flags for project 'Vitis_IP_MAC'...
15:33:57 ERROR : Failed to openhw "C:/Users/Taimoor/Desktop/SIVP/Vitis_IP_MAC/IP_MAC_BD_wrapper/export/IP_MAC_BD_wrapper/hw/IP_MAC_BD_wrapper.xsa"
Reason: ERROR: [Common 17-39] 'hsi::open_hw_design' failed due to earlier errors.

15:33:57 ERROR : Failed to update application flags from BSP for 'Vitis_IP_MAC'. Reason: null
java.lang.NullPointerException
	at com.xilinx.sdx.sw.internal.SDxSwPlatform.<init>(SDxSwPlatform.java:305)
	at com.xilinx.sdx.sw.internal.SDxSwPlatform.create(SDxSwPlatform.java:214)
	at com.xilinx.sdx.sdk.core.util.SdkPlatformHelper.getSwPlatform(SdkPlatformHelper.java:61)
	at com.xilinx.sdx.sdk.core.build.SdkMakefileGenerationListener.getSwPlatform(SdkMakefileGenerationListener.java:160)
	at com.xilinx.sdx.sdk.core.build.SdkMakefileGenerationListener.syncAppFlags(SdkMakefileGenerationListener.java:78)
	at com.xilinx.sdx.sdk.core.build.SdkMakefileGenerationListener.preMakefileGeneration(SdkMakefileGenerationListener.java:48)
	at com.xilinx.sdk.managedbuilder.XilinxGnuMakefileGenerator.notifyPreMakefileGenerationListeners(XilinxGnuMakefileGenerator.java:91)
	at com.xilinx.sdk.managedbuilder.XilinxGnuMakefileGenerator.regenerateMakefiles(XilinxGnuMakefileGenerator.java:75)
	at org.eclipse.cdt.managedbuilder.internal.core.CommonBuilder.performMakefileGeneration(CommonBuilder.java:1006)
	at org.eclipse.cdt.managedbuilder.internal.core.CommonBuilder.performPrebuildGeneration(CommonBuilder.java:873)
	at org.eclipse.cdt.managedbuilder.internal.core.CommonBuilder.build(CommonBuilder.java:748)
	at org.eclipse.cdt.managedbuilder.internal.core.CommonBuilder.build(CommonBuilder.java:513)
	at org.eclipse.cdt.managedbuilder.internal.core.CommonBuilder.build(CommonBuilder.java:459)
	at org.eclipse.core.internal.events.BuildManager$2.run(BuildManager.java:832)
	at org.eclipse.core.runtime.SafeRunner.run(SafeRunner.java:45)
	at org.eclipse.core.internal.events.BuildManager.basicBuild(BuildManager.java:220)
	at org.eclipse.core.internal.events.BuildManager.basicBuild(BuildManager.java:263)
	at org.eclipse.core.internal.events.BuildManager$1.run(BuildManager.java:316)
	at org.eclipse.core.runtime.SafeRunner.run(SafeRunner.java:45)
	at org.eclipse.core.internal.events.BuildManager.basicBuild(BuildManager.java:319)
	at org.eclipse.core.internal.events.BuildManager.basicBuildLoop(BuildManager.java:371)
	at org.eclipse.core.internal.events.BuildManager.build(BuildManager.java:392)
	at org.eclipse.core.internal.resources.Workspace.buildInternal(Workspace.java:515)
	at org.eclipse.core.internal.resources.Workspace.build(Workspace.java:412)
	at org.eclipse.ui.actions.BuildAction$1.runInWorkspace(BuildAction.java:291)
	at org.eclipse.core.internal.resources.InternalWorkspaceJob.run(InternalWorkspaceJob.java:42)
	at org.eclipse.core.internal.jobs.Worker.run(Worker.java:63)
15:34:41 INFO  : Hardware specification for platform project 'IP_MAC_BD_wrapper' is updated.
15:36:24 INFO  : Checking for BSP changes to sync application flags for project 'Vitis_IP_MAC'...
15:36:24 ERROR : Failed to openhw "C:/Users/Taimoor/Desktop/SIVP/Vitis_IP_MAC/IP_MAC_BD_wrapper/export/IP_MAC_BD_wrapper/hw/IP_MAC_BD_wrapper.xsa"
Reason: ERROR: [Common 17-39] 'hsi::open_hw_design' failed due to earlier errors.

15:36:24 ERROR : Failed to update application flags from BSP for 'Vitis_IP_MAC'. Reason: null
java.lang.NullPointerException
	at com.xilinx.sdx.sw.internal.SDxSwPlatform.<init>(SDxSwPlatform.java:305)
	at com.xilinx.sdx.sw.internal.SDxSwPlatform.create(SDxSwPlatform.java:214)
	at com.xilinx.sdx.sdk.core.util.SdkPlatformHelper.getSwPlatform(SdkPlatformHelper.java:61)
	at com.xilinx.sdx.sdk.core.build.SdkMakefileGenerationListener.getSwPlatform(SdkMakefileGenerationListener.java:160)
	at com.xilinx.sdx.sdk.core.build.SdkMakefileGenerationListener.syncAppFlags(SdkMakefileGenerationListener.java:78)
	at com.xilinx.sdx.sdk.core.build.SdkMakefileGenerationListener.preMakefileGeneration(SdkMakefileGenerationListener.java:48)
	at com.xilinx.sdk.managedbuilder.XilinxGnuMakefileGenerator.notifyPreMakefileGenerationListeners(XilinxGnuMakefileGenerator.java:91)
	at com.xilinx.sdk.managedbuilder.XilinxGnuMakefileGenerator.generateMakefiles(XilinxGnuMakefileGenerator.java:40)
	at org.eclipse.cdt.managedbuilder.internal.core.CommonBuilder.performMakefileGeneration(CommonBuilder.java:1008)
	at org.eclipse.cdt.managedbuilder.internal.core.CommonBuilder.performPrebuildGeneration(CommonBuilder.java:873)
	at org.eclipse.cdt.managedbuilder.internal.core.CommonBuilder.build(CommonBuilder.java:748)
	at org.eclipse.cdt.managedbuilder.internal.core.CommonBuilder.build(CommonBuilder.java:510)
	at org.eclipse.cdt.managedbuilder.internal.core.CommonBuilder.build(CommonBuilder.java:459)
	at org.eclipse.core.internal.events.BuildManager$2.run(BuildManager.java:832)
	at org.eclipse.core.runtime.SafeRunner.run(SafeRunner.java:45)
	at org.eclipse.core.internal.events.BuildManager.basicBuild(BuildManager.java:220)
	at org.eclipse.core.internal.events.BuildManager.basicBuild(BuildManager.java:263)
	at org.eclipse.core.internal.events.BuildManager$1.run(BuildManager.java:316)
	at org.eclipse.core.runtime.SafeRunner.run(SafeRunner.java:45)
	at org.eclipse.core.internal.events.BuildManager.basicBuild(BuildManager.java:319)
	at org.eclipse.core.internal.events.BuildManager.basicBuildLoop(BuildManager.java:371)
	at org.eclipse.core.internal.events.BuildManager.build(BuildManager.java:392)
	at org.eclipse.core.internal.resources.Workspace.buildInternal(Workspace.java:515)
	at org.eclipse.core.internal.resources.Workspace.build(Workspace.java:412)
	at org.eclipse.ui.actions.BuildAction$1.runInWorkspace(BuildAction.java:291)
	at org.eclipse.core.internal.resources.InternalWorkspaceJob.run(InternalWorkspaceJob.java:42)
	at org.eclipse.core.internal.jobs.Worker.run(Worker.java:63)
15:36:25 ERROR : Failed to compute checksum of hardware specification file used by project 'Vitis_IP_MAC'
15:36:25 ERROR : Failed to openhw "C:/Users/Taimoor/Desktop/SIVP/Vitis_IP_MAC/IP_MAC_BD_wrapper/export/IP_MAC_BD_wrapper/hw/IP_MAC_BD_wrapper.xsa"
Reason: ERROR: [Common 17-39] 'hsi::open_hw_design' failed due to earlier errors.

15:36:25 ERROR : Failed to openhw "C:/Users/Taimoor/Desktop/SIVP/Vitis_IP_MAC/IP_MAC_BD_wrapper/export/IP_MAC_BD_wrapper/hw/IP_MAC_BD_wrapper.xsa"
Reason: ERROR: [Common 17-39] 'hsi::open_hw_design' failed due to earlier errors.

15:36:25 ERROR : Failed to openhw "C:/Users/Taimoor/Desktop/SIVP/Vitis_IP_MAC/IP_MAC_BD_wrapper/export/IP_MAC_BD_wrapper/hw/IP_MAC_BD_wrapper.xsa"
Reason: ERROR: [Common 17-39] 'hsi::open_hw_design' failed due to earlier errors.

15:36:44 INFO  : Result from executing command 'getProjects': IP_MAC_BD_wrapper
15:36:44 INFO  : Result from executing command 'getPlatforms': IP_MAC_BD_wrapper|C:/Users/Taimoor/Desktop/SIVP/Vitis_IP_MAC/IP_MAC_BD_wrapper/export/IP_MAC_BD_wrapper/IP_MAC_BD_wrapper.xpfm
15:36:54 INFO  : Checking for BSP changes to sync application flags for project 'Vitis_IP_MAC'...
15:38:40 INFO  : The hardware specfication used by project 'Vitis_IP_MAC' is out of sync with the platform. Resource files extracted from the hardware specfiication will be updated.
15:38:40 INFO  : The file 'C:\Users\Taimoor\Desktop\SIVP\Vitis_IP_MAC\Vitis_IP_MAC\_ide\bitstream\IP_MAC_BD_wrapper.bit' stored in project is removed.
15:38:41 INFO  : The updated bitstream files are copied from platform to folder 'C:\Users\Taimoor\Desktop\SIVP\Vitis_IP_MAC\Vitis_IP_MAC\_ide\bitstream' in project 'Vitis_IP_MAC'.
15:38:41 INFO  : The file 'C:\Users\Taimoor\Desktop\SIVP\Vitis_IP_MAC\Vitis_IP_MAC\_ide\psinit\ps7_init.tcl' stored in project is removed.
15:38:47 INFO  : The updated ps init files are copied from platform to folder 'C:\Users\Taimoor\Desktop\SIVP\Vitis_IP_MAC\Vitis_IP_MAC\_ide\psinit' in project 'Vitis_IP_MAC'.
15:38:47 INFO  : Connected to target on host '127.0.0.1' and port '3121'.
15:38:47 INFO  : Jtag cable 'Digilent JTAG-SMT1 210203A7D855A' is selected.
15:38:47 INFO  : 'jtag frequency' command is executed.
15:38:47 INFO  : Context for 'APU' is selected.
15:38:47 INFO  : System reset is completed.
15:38:50 INFO  : 'after 3000' command is executed.
15:38:50 INFO  : 'targets -set -filter {jtag_cable_name =~ "Digilent JTAG-SMT1 210203A7D855A" && level==0 && jtag_device_ctx=="jsn-JTAG-SMT1-210203A7D855A-23727093-0"}' command is executed.
15:38:53 INFO  : Device configured successfully with "C:/Users/Taimoor/Desktop/SIVP/Vitis_IP_MAC/Vitis_IP_MAC/_ide/bitstream/IP_MAC_BD_wrapper.bit"
15:38:53 INFO  : Context for 'APU' is selected.
15:38:53 INFO  : Hardware design and registers information is loaded from 'C:/Users/Taimoor/Desktop/SIVP/Vitis_IP_MAC/IP_MAC_BD_wrapper/export/IP_MAC_BD_wrapper/hw/IP_MAC_BD_wrapper.xsa'.
15:38:53 INFO  : 'configparams force-mem-access 1' command is executed.
15:38:53 INFO  : Context for 'APU' is selected.
15:38:53 INFO  : Sourcing of 'C:/Users/Taimoor/Desktop/SIVP/Vitis_IP_MAC/Vitis_IP_MAC/_ide/psinit/ps7_init.tcl' is done.
15:38:53 INFO  : 'ps7_init' command is executed.
15:38:53 INFO  : 'ps7_post_config' command is executed.
15:38:53 INFO  : Context for processor 'ps7_cortexa9_0' is selected.
15:38:56 INFO  : The application 'C:/Users/Taimoor/Desktop/SIVP/Vitis_IP_MAC/Vitis_IP_MAC/Debug/Vitis_IP_MAC.elf' is downloaded to processor 'ps7_cortexa9_0'.
15:38:56 INFO  : 'configparams force-mem-access 0' command is executed.
15:38:56 INFO  : ----------------XSDB Script----------------
connect -url tcp:127.0.0.1:3121
targets -set -nocase -filter {name =~"APU*"}
rst -system
after 3000
targets -set -filter {jtag_cable_name =~ "Digilent JTAG-SMT1 210203A7D855A" && level==0 && jtag_device_ctx=="jsn-JTAG-SMT1-210203A7D855A-23727093-0"}
fpga -file C:/Users/Taimoor/Desktop/SIVP/Vitis_IP_MAC/Vitis_IP_MAC/_ide/bitstream/IP_MAC_BD_wrapper.bit
targets -set -nocase -filter {name =~"APU*"}
loadhw -hw C:/Users/Taimoor/Desktop/SIVP/Vitis_IP_MAC/IP_MAC_BD_wrapper/export/IP_MAC_BD_wrapper/hw/IP_MAC_BD_wrapper.xsa -mem-ranges [list {0x40000000 0xbfffffff}] -regs
configparams force-mem-access 1
targets -set -nocase -filter {name =~"APU*"}
source C:/Users/Taimoor/Desktop/SIVP/Vitis_IP_MAC/Vitis_IP_MAC/_ide/psinit/ps7_init.tcl
ps7_init
ps7_post_config
targets -set -nocase -filter {name =~ "*A9*#0"}
dow C:/Users/Taimoor/Desktop/SIVP/Vitis_IP_MAC/Vitis_IP_MAC/Debug/Vitis_IP_MAC.elf
configparams force-mem-access 0
----------------End of Script----------------

15:38:56 INFO  : Context for processor 'ps7_cortexa9_0' is selected.
15:38:56 INFO  : 'con' command is executed.
15:38:56 INFO  : ----------------XSDB Script (After Launch)----------------
targets -set -nocase -filter {name =~ "*A9*#0"}
con
----------------End of Script----------------

15:38:56 INFO  : Launch script is exported to file 'C:\Users\Taimoor\Desktop\SIVP\Vitis_IP_MAC\Vitis_IP_MAC_system\_ide\scripts\debugger_vitis_ip_mac-default.tcl'
16:13:42 INFO  : Result from executing command 'getProjects': IP_MAC_BD_wrapper
16:13:42 INFO  : Result from executing command 'getPlatforms': IP_MAC_BD_wrapper|C:/Users/Taimoor/Desktop/SIVP/Vitis_IP_MAC/IP_MAC_BD_wrapper/export/IP_MAC_BD_wrapper/IP_MAC_BD_wrapper.xpfm
16:13:46 INFO  : Checking for BSP changes to sync application flags for project 'Vitis_IP_MAC'...
16:13:50 INFO  : Disconnected from the channel tcfchan#6.
16:13:51 INFO  : Connected to target on host '127.0.0.1' and port '3121'.
16:13:51 INFO  : Jtag cable 'Digilent JTAG-SMT1 210203A7D855A' is selected.
16:13:51 INFO  : 'jtag frequency' command is executed.
16:13:51 INFO  : Context for 'APU' is selected.
16:13:51 INFO  : System reset is completed.
16:13:55 INFO  : 'after 3000' command is executed.
16:13:55 INFO  : 'targets -set -filter {jtag_cable_name =~ "Digilent JTAG-SMT1 210203A7D855A" && level==0 && jtag_device_ctx=="jsn-JTAG-SMT1-210203A7D855A-23727093-0"}' command is executed.
16:13:57 INFO  : Device configured successfully with "C:/Users/Taimoor/Desktop/SIVP/Vitis_IP_MAC/Vitis_IP_MAC/_ide/bitstream/IP_MAC_BD_wrapper.bit"
16:13:57 INFO  : Context for 'APU' is selected.
16:13:57 INFO  : Hardware design and registers information is loaded from 'C:/Users/Taimoor/Desktop/SIVP/Vitis_IP_MAC/IP_MAC_BD_wrapper/export/IP_MAC_BD_wrapper/hw/IP_MAC_BD_wrapper.xsa'.
16:13:57 INFO  : 'configparams force-mem-access 1' command is executed.
16:13:57 INFO  : Context for 'APU' is selected.
16:13:57 INFO  : Sourcing of 'C:/Users/Taimoor/Desktop/SIVP/Vitis_IP_MAC/Vitis_IP_MAC/_ide/psinit/ps7_init.tcl' is done.
16:13:57 INFO  : 'ps7_init' command is executed.
16:13:57 INFO  : 'ps7_post_config' command is executed.
16:13:57 INFO  : Context for processor 'ps7_cortexa9_0' is selected.
16:13:59 INFO  : The application 'C:/Users/Taimoor/Desktop/SIVP/Vitis_IP_MAC/Vitis_IP_MAC/Debug/Vitis_IP_MAC.elf' is downloaded to processor 'ps7_cortexa9_0'.
16:14:00 INFO  : 'configparams force-mem-access 0' command is executed.
16:14:00 INFO  : ----------------XSDB Script----------------
connect -url tcp:127.0.0.1:3121
targets -set -nocase -filter {name =~"APU*"}
rst -system
after 3000
targets -set -filter {jtag_cable_name =~ "Digilent JTAG-SMT1 210203A7D855A" && level==0 && jtag_device_ctx=="jsn-JTAG-SMT1-210203A7D855A-23727093-0"}
fpga -file C:/Users/Taimoor/Desktop/SIVP/Vitis_IP_MAC/Vitis_IP_MAC/_ide/bitstream/IP_MAC_BD_wrapper.bit
targets -set -nocase -filter {name =~"APU*"}
loadhw -hw C:/Users/Taimoor/Desktop/SIVP/Vitis_IP_MAC/IP_MAC_BD_wrapper/export/IP_MAC_BD_wrapper/hw/IP_MAC_BD_wrapper.xsa -mem-ranges [list {0x40000000 0xbfffffff}] -regs
configparams force-mem-access 1
targets -set -nocase -filter {name =~"APU*"}
source C:/Users/Taimoor/Desktop/SIVP/Vitis_IP_MAC/Vitis_IP_MAC/_ide/psinit/ps7_init.tcl
ps7_init
ps7_post_config
targets -set -nocase -filter {name =~ "*A9*#0"}
dow C:/Users/Taimoor/Desktop/SIVP/Vitis_IP_MAC/Vitis_IP_MAC/Debug/Vitis_IP_MAC.elf
configparams force-mem-access 0
----------------End of Script----------------

16:14:00 INFO  : Context for processor 'ps7_cortexa9_0' is selected.
16:14:00 INFO  : 'con' command is executed.
16:14:00 INFO  : ----------------XSDB Script (After Launch)----------------
targets -set -nocase -filter {name =~ "*A9*#0"}
con
----------------End of Script----------------

16:14:00 INFO  : Launch script is exported to file 'C:\Users\Taimoor\Desktop\SIVP\Vitis_IP_MAC\Vitis_IP_MAC_system\_ide\scripts\debugger_vitis_ip_mac-default.tcl'
16:56:31 INFO  : Hardware specification for platform project 'IP_MAC_BD_wrapper' is updated.
16:57:41 INFO  : Result from executing command 'getProjects': IP_MAC_BD_wrapper
16:57:41 INFO  : Result from executing command 'getPlatforms': IP_MAC_BD_wrapper|C:/Users/Taimoor/Desktop/SIVP/Vitis_IP_MAC/IP_MAC_BD_wrapper/export/IP_MAC_BD_wrapper/IP_MAC_BD_wrapper.xpfm
16:57:45 INFO  : Checking for BSP changes to sync application flags for project 'Vitis_IP_MAC'...
16:57:52 INFO  : Disconnected from the channel tcfchan#8.
16:57:53 INFO  : The hardware specfication used by project 'Vitis_IP_MAC' is out of sync with the platform. Resource files extracted from the hardware specfiication will be updated.
16:57:53 INFO  : The file 'C:\Users\Taimoor\Desktop\SIVP\Vitis_IP_MAC\Vitis_IP_MAC\_ide\bitstream\IP_MAC_BD_wrapper.bit' stored in project is removed.
16:57:53 INFO  : The updated bitstream files are copied from platform to folder 'C:\Users\Taimoor\Desktop\SIVP\Vitis_IP_MAC\Vitis_IP_MAC\_ide\bitstream' in project 'Vitis_IP_MAC'.
16:57:53 INFO  : The file 'C:\Users\Taimoor\Desktop\SIVP\Vitis_IP_MAC\Vitis_IP_MAC\_ide\psinit\ps7_init.tcl' stored in project is removed.
16:58:00 INFO  : The updated ps init files are copied from platform to folder 'C:\Users\Taimoor\Desktop\SIVP\Vitis_IP_MAC\Vitis_IP_MAC\_ide\psinit' in project 'Vitis_IP_MAC'.
16:58:00 INFO  : Connected to target on host '127.0.0.1' and port '3121'.
16:58:01 INFO  : Jtag cable 'Digilent JTAG-SMT1 210203A7D855A' is selected.
16:58:01 INFO  : 'jtag frequency' command is executed.
16:58:01 INFO  : Context for 'APU' is selected.
16:58:01 INFO  : System reset is completed.
16:58:04 INFO  : 'after 3000' command is executed.
16:58:04 INFO  : 'targets -set -filter {jtag_cable_name =~ "Digilent JTAG-SMT1 210203A7D855A" && level==0 && jtag_device_ctx=="jsn-JTAG-SMT1-210203A7D855A-23727093-0"}' command is executed.
16:58:06 INFO  : Device configured successfully with "C:/Users/Taimoor/Desktop/SIVP/Vitis_IP_MAC/Vitis_IP_MAC/_ide/bitstream/IP_MAC_BD_wrapper.bit"
16:58:06 INFO  : Context for 'APU' is selected.
16:58:07 INFO  : Hardware design and registers information is loaded from 'C:/Users/Taimoor/Desktop/SIVP/Vitis_IP_MAC/IP_MAC_BD_wrapper/export/IP_MAC_BD_wrapper/hw/IP_MAC_BD_wrapper.xsa'.
16:58:07 INFO  : 'configparams force-mem-access 1' command is executed.
16:58:07 INFO  : Context for 'APU' is selected.
16:58:07 INFO  : Sourcing of 'C:/Users/Taimoor/Desktop/SIVP/Vitis_IP_MAC/Vitis_IP_MAC/_ide/psinit/ps7_init.tcl' is done.
16:58:07 INFO  : 'ps7_init' command is executed.
16:58:07 INFO  : 'ps7_post_config' command is executed.
16:58:07 INFO  : Context for processor 'ps7_cortexa9_0' is selected.
16:58:10 INFO  : The application 'C:/Users/Taimoor/Desktop/SIVP/Vitis_IP_MAC/Vitis_IP_MAC/Debug/Vitis_IP_MAC.elf' is downloaded to processor 'ps7_cortexa9_0'.
16:58:10 INFO  : 'configparams force-mem-access 0' command is executed.
16:58:10 INFO  : ----------------XSDB Script----------------
connect -url tcp:127.0.0.1:3121
targets -set -nocase -filter {name =~"APU*"}
rst -system
after 3000
targets -set -filter {jtag_cable_name =~ "Digilent JTAG-SMT1 210203A7D855A" && level==0 && jtag_device_ctx=="jsn-JTAG-SMT1-210203A7D855A-23727093-0"}
fpga -file C:/Users/Taimoor/Desktop/SIVP/Vitis_IP_MAC/Vitis_IP_MAC/_ide/bitstream/IP_MAC_BD_wrapper.bit
targets -set -nocase -filter {name =~"APU*"}
loadhw -hw C:/Users/Taimoor/Desktop/SIVP/Vitis_IP_MAC/IP_MAC_BD_wrapper/export/IP_MAC_BD_wrapper/hw/IP_MAC_BD_wrapper.xsa -mem-ranges [list {0x40000000 0xbfffffff}] -regs
configparams force-mem-access 1
targets -set -nocase -filter {name =~"APU*"}
source C:/Users/Taimoor/Desktop/SIVP/Vitis_IP_MAC/Vitis_IP_MAC/_ide/psinit/ps7_init.tcl
ps7_init
ps7_post_config
targets -set -nocase -filter {name =~ "*A9*#0"}
dow C:/Users/Taimoor/Desktop/SIVP/Vitis_IP_MAC/Vitis_IP_MAC/Debug/Vitis_IP_MAC.elf
configparams force-mem-access 0
----------------End of Script----------------

16:58:10 INFO  : Context for processor 'ps7_cortexa9_0' is selected.
16:58:10 INFO  : 'con' command is executed.
16:58:10 INFO  : ----------------XSDB Script (After Launch)----------------
targets -set -nocase -filter {name =~ "*A9*#0"}
con
----------------End of Script----------------

16:58:10 INFO  : Launch script is exported to file 'C:\Users\Taimoor\Desktop\SIVP\Vitis_IP_MAC\Vitis_IP_MAC_system\_ide\scripts\debugger_vitis_ip_mac-default.tcl'
17:00:11 INFO  : Disconnected from the channel tcfchan#10.
17:00:12 INFO  : Connected to target on host '127.0.0.1' and port '3121'.
17:00:12 INFO  : Jtag cable 'Digilent JTAG-SMT1 210203A7D855A' is selected.
17:00:12 INFO  : 'jtag frequency' command is executed.
17:00:12 INFO  : Context for 'APU' is selected.
17:00:12 INFO  : System reset is completed.
17:00:15 INFO  : 'after 3000' command is executed.
17:00:15 INFO  : 'targets -set -filter {jtag_cable_name =~ "Digilent JTAG-SMT1 210203A7D855A" && level==0 && jtag_device_ctx=="jsn-JTAG-SMT1-210203A7D855A-23727093-0"}' command is executed.
17:00:18 INFO  : Device configured successfully with "C:/Users/Taimoor/Desktop/SIVP/Vitis_IP_MAC/Vitis_IP_MAC/_ide/bitstream/IP_MAC_BD_wrapper.bit"
17:00:18 INFO  : Context for 'APU' is selected.
17:00:18 INFO  : Hardware design and registers information is loaded from 'C:/Users/Taimoor/Desktop/SIVP/Vitis_IP_MAC/IP_MAC_BD_wrapper/export/IP_MAC_BD_wrapper/hw/IP_MAC_BD_wrapper.xsa'.
17:00:18 INFO  : 'configparams force-mem-access 1' command is executed.
17:00:18 INFO  : Context for 'APU' is selected.
17:00:18 INFO  : Sourcing of 'C:/Users/Taimoor/Desktop/SIVP/Vitis_IP_MAC/Vitis_IP_MAC/_ide/psinit/ps7_init.tcl' is done.
17:00:18 INFO  : 'ps7_init' command is executed.
17:00:18 INFO  : 'ps7_post_config' command is executed.
17:00:18 INFO  : Context for processor 'ps7_cortexa9_0' is selected.
17:00:21 INFO  : The application 'C:/Users/Taimoor/Desktop/SIVP/Vitis_IP_MAC/Vitis_IP_MAC/Debug/Vitis_IP_MAC.elf' is downloaded to processor 'ps7_cortexa9_0'.
17:00:21 INFO  : 'configparams force-mem-access 0' command is executed.
17:00:21 INFO  : ----------------XSDB Script----------------
connect -url tcp:127.0.0.1:3121
targets -set -nocase -filter {name =~"APU*"}
rst -system
after 3000
targets -set -filter {jtag_cable_name =~ "Digilent JTAG-SMT1 210203A7D855A" && level==0 && jtag_device_ctx=="jsn-JTAG-SMT1-210203A7D855A-23727093-0"}
fpga -file C:/Users/Taimoor/Desktop/SIVP/Vitis_IP_MAC/Vitis_IP_MAC/_ide/bitstream/IP_MAC_BD_wrapper.bit
targets -set -nocase -filter {name =~"APU*"}
loadhw -hw C:/Users/Taimoor/Desktop/SIVP/Vitis_IP_MAC/IP_MAC_BD_wrapper/export/IP_MAC_BD_wrapper/hw/IP_MAC_BD_wrapper.xsa -mem-ranges [list {0x40000000 0xbfffffff}] -regs
configparams force-mem-access 1
targets -set -nocase -filter {name =~"APU*"}
source C:/Users/Taimoor/Desktop/SIVP/Vitis_IP_MAC/Vitis_IP_MAC/_ide/psinit/ps7_init.tcl
ps7_init
ps7_post_config
targets -set -nocase -filter {name =~ "*A9*#0"}
dow C:/Users/Taimoor/Desktop/SIVP/Vitis_IP_MAC/Vitis_IP_MAC/Debug/Vitis_IP_MAC.elf
configparams force-mem-access 0
----------------End of Script----------------

17:00:22 INFO  : Context for processor 'ps7_cortexa9_0' is selected.
17:00:22 INFO  : 'con' command is executed.
17:00:22 INFO  : ----------------XSDB Script (After Launch)----------------
targets -set -nocase -filter {name =~ "*A9*#0"}
con
----------------End of Script----------------

17:00:22 INFO  : Launch script is exported to file 'C:\Users\Taimoor\Desktop\SIVP\Vitis_IP_MAC\Vitis_IP_MAC_system\_ide\scripts\debugger_vitis_ip_mac-default.tcl'
18:02:58 INFO  : Launching XSCT server: xsct.bat -n  -interactive C:\Users\Taimoor\Desktop\SIVP\Vitis_IP_MAC\temp_xsdb_launch_script.tcl
18:51:48 INFO  : Launching XSCT server: xsct.bat -n  -interactive C:\Users\Taimoor\Desktop\SIVP\Vitis_IP_MAC\temp_xsdb_launch_script.tcl
18:51:51 INFO  : XSCT server has started successfully.
18:51:51 INFO  : Successfully done setting XSCT server connection channel  
18:51:51 INFO  : plnx-install-location is set to ''
18:51:51 INFO  : Successfully done setting workspace for the tool. 
18:51:53 INFO  : Platform repository initialization has completed.
18:51:53 INFO  : Registering command handlers for Vitis TCF services
18:52:01 INFO  : Successfully done query RDI_DATADIR 
19:33:10 INFO  : Result from executing command 'getProjects': IP_MAC_BD_wrapper
19:33:10 INFO  : Result from executing command 'getPlatforms': IP_MAC_BD_wrapper|C:/Users/Taimoor/Desktop/SIVP/Vitis_IP_MAC/IP_MAC_BD_wrapper/export/IP_MAC_BD_wrapper/IP_MAC_BD_wrapper.xpfm
19:33:19 INFO  : Checking for BSP changes to sync application flags for project 'Vitis_IP_MAC'...
19:33:48 INFO  : Checking for BSP changes to sync application flags for project 'Vitis_IP_MAC'...
19:44:23 INFO  : Result from executing command 'getProjects': IP_MAC_BD_wrapper
19:44:23 INFO  : Result from executing command 'getPlatforms': IP_MAC_BD_wrapper|C:/Users/Taimoor/Desktop/SIVP/Vitis_IP_MAC/IP_MAC_BD_wrapper/export/IP_MAC_BD_wrapper/IP_MAC_BD_wrapper.xpfm
19:44:47 INFO  : Checking for BSP changes to sync application flags for project 'Vitis_IP_MAC'...
19:45:18 INFO  : Connected to target on host '127.0.0.1' and port '3121'.
19:45:19 INFO  : Jtag cable 'Digilent JTAG-SMT1 210203A7D855A' is selected.
19:45:19 INFO  : 'jtag frequency' command is executed.
19:45:19 INFO  : Context for 'APU' is selected.
19:45:20 INFO  : System reset is completed.
19:45:23 INFO  : 'after 3000' command is executed.
19:45:23 INFO  : 'targets -set -filter {jtag_cable_name =~ "Digilent JTAG-SMT1 210203A7D855A" && level==0 && jtag_device_ctx=="jsn-JTAG-SMT1-210203A7D855A-23727093-0"}' command is executed.
19:45:25 INFO  : Device configured successfully with "C:/Users/Taimoor/Desktop/SIVP/Vitis_IP_MAC/Vitis_IP_MAC/_ide/bitstream/IP_MAC_BD_wrapper.bit"
19:45:26 INFO  : Context for 'APU' is selected.
19:45:26 INFO  : Hardware design and registers information is loaded from 'C:/Users/Taimoor/Desktop/SIVP/Vitis_IP_MAC/IP_MAC_BD_wrapper/export/IP_MAC_BD_wrapper/hw/IP_MAC_BD_wrapper.xsa'.
19:45:26 INFO  : 'configparams force-mem-access 1' command is executed.
19:45:26 INFO  : Context for 'APU' is selected.
19:45:26 INFO  : Sourcing of 'C:/Users/Taimoor/Desktop/SIVP/Vitis_IP_MAC/Vitis_IP_MAC/_ide/psinit/ps7_init.tcl' is done.
19:45:27 INFO  : 'ps7_init' command is executed.
19:45:27 INFO  : 'ps7_post_config' command is executed.
19:45:27 INFO  : Context for processor 'ps7_cortexa9_0' is selected.
19:45:30 INFO  : The application 'C:/Users/Taimoor/Desktop/SIVP/Vitis_IP_MAC/Vitis_IP_MAC/Debug/Vitis_IP_MAC.elf' is downloaded to processor 'ps7_cortexa9_0'.
19:45:30 INFO  : 'configparams force-mem-access 0' command is executed.
19:45:30 INFO  : ----------------XSDB Script----------------
connect -url tcp:127.0.0.1:3121
targets -set -nocase -filter {name =~"APU*"}
rst -system
after 3000
targets -set -filter {jtag_cable_name =~ "Digilent JTAG-SMT1 210203A7D855A" && level==0 && jtag_device_ctx=="jsn-JTAG-SMT1-210203A7D855A-23727093-0"}
fpga -file C:/Users/Taimoor/Desktop/SIVP/Vitis_IP_MAC/Vitis_IP_MAC/_ide/bitstream/IP_MAC_BD_wrapper.bit
targets -set -nocase -filter {name =~"APU*"}
loadhw -hw C:/Users/Taimoor/Desktop/SIVP/Vitis_IP_MAC/IP_MAC_BD_wrapper/export/IP_MAC_BD_wrapper/hw/IP_MAC_BD_wrapper.xsa -mem-ranges [list {0x40000000 0xbfffffff}] -regs
configparams force-mem-access 1
targets -set -nocase -filter {name =~"APU*"}
source C:/Users/Taimoor/Desktop/SIVP/Vitis_IP_MAC/Vitis_IP_MAC/_ide/psinit/ps7_init.tcl
ps7_init
ps7_post_config
targets -set -nocase -filter {name =~ "*A9*#0"}
dow C:/Users/Taimoor/Desktop/SIVP/Vitis_IP_MAC/Vitis_IP_MAC/Debug/Vitis_IP_MAC.elf
configparams force-mem-access 0
----------------End of Script----------------

19:45:30 INFO  : Context for processor 'ps7_cortexa9_0' is selected.
19:45:30 INFO  : 'con' command is executed.
19:45:30 INFO  : ----------------XSDB Script (After Launch)----------------
targets -set -nocase -filter {name =~ "*A9*#0"}
con
----------------End of Script----------------

19:45:30 INFO  : Launch script is exported to file 'C:\Users\Taimoor\Desktop\SIVP\Vitis_IP_MAC\Vitis_IP_MAC_system\_ide\scripts\debugger_vitis_ip_mac-default.tcl'
19:46:20 INFO  : Disconnected from the channel tcfchan#6.
19:46:21 INFO  : Connected to target on host '127.0.0.1' and port '3121'.
19:46:21 INFO  : Jtag cable 'Digilent JTAG-SMT1 210203A7D855A' is selected.
19:46:21 INFO  : 'jtag frequency' command is executed.
19:46:22 INFO  : Context for 'APU' is selected.
19:46:22 INFO  : System reset is completed.
19:46:25 INFO  : 'after 3000' command is executed.
19:46:25 INFO  : 'targets -set -filter {jtag_cable_name =~ "Digilent JTAG-SMT1 210203A7D855A" && level==0 && jtag_device_ctx=="jsn-JTAG-SMT1-210203A7D855A-23727093-0"}' command is executed.
19:46:27 INFO  : Device configured successfully with "C:/Users/Taimoor/Desktop/SIVP/Vitis_IP_MAC/Vitis_IP_MAC/_ide/bitstream/IP_MAC_BD_wrapper.bit"
19:46:27 INFO  : Context for 'APU' is selected.
19:46:27 INFO  : Hardware design and registers information is loaded from 'C:/Users/Taimoor/Desktop/SIVP/Vitis_IP_MAC/IP_MAC_BD_wrapper/export/IP_MAC_BD_wrapper/hw/IP_MAC_BD_wrapper.xsa'.
19:46:27 INFO  : 'configparams force-mem-access 1' command is executed.
19:46:27 INFO  : Context for 'APU' is selected.
19:46:27 INFO  : Sourcing of 'C:/Users/Taimoor/Desktop/SIVP/Vitis_IP_MAC/Vitis_IP_MAC/_ide/psinit/ps7_init.tcl' is done.
19:46:28 INFO  : 'ps7_init' command is executed.
19:46:28 INFO  : 'ps7_post_config' command is executed.
19:46:28 INFO  : Context for processor 'ps7_cortexa9_0' is selected.
19:46:31 INFO  : The application 'C:/Users/Taimoor/Desktop/SIVP/Vitis_IP_MAC/Vitis_IP_MAC/Debug/Vitis_IP_MAC.elf' is downloaded to processor 'ps7_cortexa9_0'.
19:46:31 INFO  : 'configparams force-mem-access 0' command is executed.
19:46:31 INFO  : ----------------XSDB Script----------------
connect -url tcp:127.0.0.1:3121
targets -set -nocase -filter {name =~"APU*"}
rst -system
after 3000
targets -set -filter {jtag_cable_name =~ "Digilent JTAG-SMT1 210203A7D855A" && level==0 && jtag_device_ctx=="jsn-JTAG-SMT1-210203A7D855A-23727093-0"}
fpga -file C:/Users/Taimoor/Desktop/SIVP/Vitis_IP_MAC/Vitis_IP_MAC/_ide/bitstream/IP_MAC_BD_wrapper.bit
targets -set -nocase -filter {name =~"APU*"}
loadhw -hw C:/Users/Taimoor/Desktop/SIVP/Vitis_IP_MAC/IP_MAC_BD_wrapper/export/IP_MAC_BD_wrapper/hw/IP_MAC_BD_wrapper.xsa -mem-ranges [list {0x40000000 0xbfffffff}] -regs
configparams force-mem-access 1
targets -set -nocase -filter {name =~"APU*"}
source C:/Users/Taimoor/Desktop/SIVP/Vitis_IP_MAC/Vitis_IP_MAC/_ide/psinit/ps7_init.tcl
ps7_init
ps7_post_config
targets -set -nocase -filter {name =~ "*A9*#0"}
dow C:/Users/Taimoor/Desktop/SIVP/Vitis_IP_MAC/Vitis_IP_MAC/Debug/Vitis_IP_MAC.elf
configparams force-mem-access 0
----------------End of Script----------------

19:46:31 INFO  : Context for processor 'ps7_cortexa9_0' is selected.
19:46:31 INFO  : 'con' command is executed.
19:46:31 INFO  : ----------------XSDB Script (After Launch)----------------
targets -set -nocase -filter {name =~ "*A9*#0"}
con
----------------End of Script----------------

19:46:31 INFO  : Launch script is exported to file 'C:\Users\Taimoor\Desktop\SIVP\Vitis_IP_MAC\Vitis_IP_MAC_system\_ide\scripts\debugger_vitis_ip_mac-default.tcl'
19:47:44 INFO  : Result from executing command 'getProjects': IP_MAC_BD_wrapper
19:47:44 INFO  : Result from executing command 'getPlatforms': IP_MAC_BD_wrapper|C:/Users/Taimoor/Desktop/SIVP/Vitis_IP_MAC/IP_MAC_BD_wrapper/export/IP_MAC_BD_wrapper/IP_MAC_BD_wrapper.xpfm
19:47:49 INFO  : Disconnected from the channel tcfchan#7.
19:47:50 INFO  : Connected to target on host '127.0.0.1' and port '3121'.
19:47:50 INFO  : Jtag cable 'Digilent JTAG-SMT1 210203A7D855A' is selected.
19:47:50 INFO  : 'jtag frequency' command is executed.
19:47:50 INFO  : Context for 'APU' is selected.
19:47:50 INFO  : System reset is completed.
19:47:53 INFO  : 'after 3000' command is executed.
19:47:53 INFO  : 'targets -set -filter {jtag_cable_name =~ "Digilent JTAG-SMT1 210203A7D855A" && level==0 && jtag_device_ctx=="jsn-JTAG-SMT1-210203A7D855A-23727093-0"}' command is executed.
19:47:56 INFO  : Device configured successfully with "C:/Users/Taimoor/Desktop/SIVP/Vitis_IP_MAC/Vitis_IP_MAC/_ide/bitstream/IP_MAC_BD_wrapper.bit"
19:47:56 INFO  : Context for 'APU' is selected.
19:47:56 INFO  : Hardware design and registers information is loaded from 'C:/Users/Taimoor/Desktop/SIVP/Vitis_IP_MAC/IP_MAC_BD_wrapper/export/IP_MAC_BD_wrapper/hw/IP_MAC_BD_wrapper.xsa'.
19:47:56 INFO  : 'configparams force-mem-access 1' command is executed.
19:47:56 INFO  : Context for 'APU' is selected.
19:47:56 INFO  : Sourcing of 'C:/Users/Taimoor/Desktop/SIVP/Vitis_IP_MAC/Vitis_IP_MAC/_ide/psinit/ps7_init.tcl' is done.
19:47:57 INFO  : 'ps7_init' command is executed.
19:47:57 INFO  : 'ps7_post_config' command is executed.
19:47:57 INFO  : Context for processor 'ps7_cortexa9_0' is selected.
19:47:59 INFO  : The application 'C:/Users/Taimoor/Desktop/SIVP/Vitis_IP_MAC/Vitis_IP_MAC/Debug/Vitis_IP_MAC.elf' is downloaded to processor 'ps7_cortexa9_0'.
19:48:00 INFO  : 'configparams force-mem-access 0' command is executed.
19:48:00 INFO  : ----------------XSDB Script----------------
connect -url tcp:127.0.0.1:3121
targets -set -nocase -filter {name =~"APU*"}
rst -system
after 3000
targets -set -filter {jtag_cable_name =~ "Digilent JTAG-SMT1 210203A7D855A" && level==0 && jtag_device_ctx=="jsn-JTAG-SMT1-210203A7D855A-23727093-0"}
fpga -file C:/Users/Taimoor/Desktop/SIVP/Vitis_IP_MAC/Vitis_IP_MAC/_ide/bitstream/IP_MAC_BD_wrapper.bit
targets -set -nocase -filter {name =~"APU*"}
loadhw -hw C:/Users/Taimoor/Desktop/SIVP/Vitis_IP_MAC/IP_MAC_BD_wrapper/export/IP_MAC_BD_wrapper/hw/IP_MAC_BD_wrapper.xsa -mem-ranges [list {0x40000000 0xbfffffff}] -regs
configparams force-mem-access 1
targets -set -nocase -filter {name =~"APU*"}
source C:/Users/Taimoor/Desktop/SIVP/Vitis_IP_MAC/Vitis_IP_MAC/_ide/psinit/ps7_init.tcl
ps7_init
ps7_post_config
targets -set -nocase -filter {name =~ "*A9*#0"}
dow C:/Users/Taimoor/Desktop/SIVP/Vitis_IP_MAC/Vitis_IP_MAC/Debug/Vitis_IP_MAC.elf
configparams force-mem-access 0
----------------End of Script----------------

19:48:00 INFO  : Context for processor 'ps7_cortexa9_0' is selected.
19:48:00 INFO  : 'con' command is executed.
19:48:00 INFO  : ----------------XSDB Script (After Launch)----------------
targets -set -nocase -filter {name =~ "*A9*#0"}
con
----------------End of Script----------------

19:48:00 INFO  : Launch script is exported to file 'C:\Users\Taimoor\Desktop\SIVP\Vitis_IP_MAC\Vitis_IP_MAC_system\_ide\scripts\debugger_vitis_ip_mac-default.tcl'
19:51:44 INFO  : Disconnected from the channel tcfchan#9.
19:51:45 INFO  : Connected to target on host '127.0.0.1' and port '3121'.
19:51:46 INFO  : Jtag cable 'Digilent JTAG-SMT1 210203A7D855A' is selected.
19:51:46 INFO  : 'jtag frequency' command is executed.
19:51:46 INFO  : Context for 'APU' is selected.
19:51:46 INFO  : System reset is completed.
19:51:49 INFO  : 'after 3000' command is executed.
19:51:49 INFO  : 'targets -set -filter {jtag_cable_name =~ "Digilent JTAG-SMT1 210203A7D855A" && level==0 && jtag_device_ctx=="jsn-JTAG-SMT1-210203A7D855A-23727093-0"}' command is executed.
19:51:51 INFO  : Device configured successfully with "C:/Users/Taimoor/Desktop/SIVP/Vitis_IP_MAC/Vitis_IP_MAC/_ide/bitstream/IP_MAC_BD_wrapper.bit"
19:51:51 INFO  : Context for 'APU' is selected.
19:51:51 INFO  : Hardware design and registers information is loaded from 'C:/Users/Taimoor/Desktop/SIVP/Vitis_IP_MAC/IP_MAC_BD_wrapper/export/IP_MAC_BD_wrapper/hw/IP_MAC_BD_wrapper.xsa'.
19:51:51 INFO  : 'configparams force-mem-access 1' command is executed.
19:51:51 INFO  : Context for 'APU' is selected.
19:51:51 INFO  : Sourcing of 'C:/Users/Taimoor/Desktop/SIVP/Vitis_IP_MAC/Vitis_IP_MAC/_ide/psinit/ps7_init.tcl' is done.
19:51:52 INFO  : 'ps7_init' command is executed.
19:51:52 INFO  : 'ps7_post_config' command is executed.
19:51:52 INFO  : Context for processor 'ps7_cortexa9_0' is selected.
19:51:55 INFO  : The application 'C:/Users/Taimoor/Desktop/SIVP/Vitis_IP_MAC/Vitis_IP_MAC/Debug/Vitis_IP_MAC.elf' is downloaded to processor 'ps7_cortexa9_0'.
19:51:55 INFO  : 'configparams force-mem-access 0' command is executed.
19:51:55 INFO  : ----------------XSDB Script----------------
connect -url tcp:127.0.0.1:3121
targets -set -nocase -filter {name =~"APU*"}
rst -system
after 3000
targets -set -filter {jtag_cable_name =~ "Digilent JTAG-SMT1 210203A7D855A" && level==0 && jtag_device_ctx=="jsn-JTAG-SMT1-210203A7D855A-23727093-0"}
fpga -file C:/Users/Taimoor/Desktop/SIVP/Vitis_IP_MAC/Vitis_IP_MAC/_ide/bitstream/IP_MAC_BD_wrapper.bit
targets -set -nocase -filter {name =~"APU*"}
loadhw -hw C:/Users/Taimoor/Desktop/SIVP/Vitis_IP_MAC/IP_MAC_BD_wrapper/export/IP_MAC_BD_wrapper/hw/IP_MAC_BD_wrapper.xsa -mem-ranges [list {0x40000000 0xbfffffff}] -regs
configparams force-mem-access 1
targets -set -nocase -filter {name =~"APU*"}
source C:/Users/Taimoor/Desktop/SIVP/Vitis_IP_MAC/Vitis_IP_MAC/_ide/psinit/ps7_init.tcl
ps7_init
ps7_post_config
targets -set -nocase -filter {name =~ "*A9*#0"}
dow C:/Users/Taimoor/Desktop/SIVP/Vitis_IP_MAC/Vitis_IP_MAC/Debug/Vitis_IP_MAC.elf
configparams force-mem-access 0
----------------End of Script----------------

19:51:55 INFO  : Context for processor 'ps7_cortexa9_0' is selected.
19:51:55 INFO  : 'con' command is executed.
19:51:55 INFO  : ----------------XSDB Script (After Launch)----------------
targets -set -nocase -filter {name =~ "*A9*#0"}
con
----------------End of Script----------------

19:51:55 INFO  : Launch script is exported to file 'C:\Users\Taimoor\Desktop\SIVP\Vitis_IP_MAC\Vitis_IP_MAC_system\_ide\scripts\debugger_vitis_ip_mac-default.tcl'
19:52:38 INFO  : Result from executing command 'getProjects': IP_MAC_BD_wrapper
19:52:38 INFO  : Result from executing command 'getPlatforms': IP_MAC_BD_wrapper|C:/Users/Taimoor/Desktop/SIVP/Vitis_IP_MAC/IP_MAC_BD_wrapper/export/IP_MAC_BD_wrapper/IP_MAC_BD_wrapper.xpfm
19:52:39 INFO  : Checking for BSP changes to sync application flags for project 'Vitis_IP_MAC'...
19:52:45 INFO  : Disconnected from the channel tcfchan#10.
19:52:46 INFO  : Connected to target on host '127.0.0.1' and port '3121'.
19:52:46 INFO  : Jtag cable 'Digilent JTAG-SMT1 210203A7D855A' is selected.
19:52:46 INFO  : 'jtag frequency' command is executed.
19:52:46 INFO  : Context for 'APU' is selected.
19:52:46 INFO  : System reset is completed.
19:52:49 INFO  : 'after 3000' command is executed.
19:52:49 INFO  : 'targets -set -filter {jtag_cable_name =~ "Digilent JTAG-SMT1 210203A7D855A" && level==0 && jtag_device_ctx=="jsn-JTAG-SMT1-210203A7D855A-23727093-0"}' command is executed.
19:52:52 INFO  : Device configured successfully with "C:/Users/Taimoor/Desktop/SIVP/Vitis_IP_MAC/Vitis_IP_MAC/_ide/bitstream/IP_MAC_BD_wrapper.bit"
19:52:52 INFO  : Context for 'APU' is selected.
19:52:52 INFO  : Hardware design and registers information is loaded from 'C:/Users/Taimoor/Desktop/SIVP/Vitis_IP_MAC/IP_MAC_BD_wrapper/export/IP_MAC_BD_wrapper/hw/IP_MAC_BD_wrapper.xsa'.
19:52:52 INFO  : 'configparams force-mem-access 1' command is executed.
19:52:52 INFO  : Context for 'APU' is selected.
19:52:52 INFO  : Sourcing of 'C:/Users/Taimoor/Desktop/SIVP/Vitis_IP_MAC/Vitis_IP_MAC/_ide/psinit/ps7_init.tcl' is done.
19:52:53 INFO  : 'ps7_init' command is executed.
19:52:53 INFO  : 'ps7_post_config' command is executed.
19:52:53 INFO  : Context for processor 'ps7_cortexa9_0' is selected.
19:52:55 INFO  : The application 'C:/Users/Taimoor/Desktop/SIVP/Vitis_IP_MAC/Vitis_IP_MAC/Debug/Vitis_IP_MAC.elf' is downloaded to processor 'ps7_cortexa9_0'.
19:52:55 INFO  : 'configparams force-mem-access 0' command is executed.
19:52:55 INFO  : ----------------XSDB Script----------------
connect -url tcp:127.0.0.1:3121
targets -set -nocase -filter {name =~"APU*"}
rst -system
after 3000
targets -set -filter {jtag_cable_name =~ "Digilent JTAG-SMT1 210203A7D855A" && level==0 && jtag_device_ctx=="jsn-JTAG-SMT1-210203A7D855A-23727093-0"}
fpga -file C:/Users/Taimoor/Desktop/SIVP/Vitis_IP_MAC/Vitis_IP_MAC/_ide/bitstream/IP_MAC_BD_wrapper.bit
targets -set -nocase -filter {name =~"APU*"}
loadhw -hw C:/Users/Taimoor/Desktop/SIVP/Vitis_IP_MAC/IP_MAC_BD_wrapper/export/IP_MAC_BD_wrapper/hw/IP_MAC_BD_wrapper.xsa -mem-ranges [list {0x40000000 0xbfffffff}] -regs
configparams force-mem-access 1
targets -set -nocase -filter {name =~"APU*"}
source C:/Users/Taimoor/Desktop/SIVP/Vitis_IP_MAC/Vitis_IP_MAC/_ide/psinit/ps7_init.tcl
ps7_init
ps7_post_config
targets -set -nocase -filter {name =~ "*A9*#0"}
dow C:/Users/Taimoor/Desktop/SIVP/Vitis_IP_MAC/Vitis_IP_MAC/Debug/Vitis_IP_MAC.elf
configparams force-mem-access 0
----------------End of Script----------------

19:52:56 INFO  : Context for processor 'ps7_cortexa9_0' is selected.
19:52:56 INFO  : 'con' command is executed.
19:52:56 INFO  : ----------------XSDB Script (After Launch)----------------
targets -set -nocase -filter {name =~ "*A9*#0"}
con
----------------End of Script----------------

19:52:56 INFO  : Launch script is exported to file 'C:\Users\Taimoor\Desktop\SIVP\Vitis_IP_MAC\Vitis_IP_MAC_system\_ide\scripts\debugger_vitis_ip_mac-default.tcl'
20:29:29 INFO  : Result from executing command 'getProjects': IP_MAC_BD_wrapper
20:29:29 INFO  : Result from executing command 'getPlatforms': IP_MAC_BD_wrapper|C:/Users/Taimoor/Desktop/SIVP/Vitis_IP_MAC/IP_MAC_BD_wrapper/export/IP_MAC_BD_wrapper/IP_MAC_BD_wrapper.xpfm
20:29:45 INFO  : Checking for BSP changes to sync application flags for project 'Vitis_IP_MAC'...
20:29:59 INFO  : Checking for BSP changes to sync application flags for project 'Vitis_IP_MAC'...
20:30:03 INFO  : Disconnected from the channel tcfchan#12.
20:30:04 INFO  : Connected to target on host '127.0.0.1' and port '3121'.
20:30:04 INFO  : Jtag cable 'Digilent JTAG-SMT1 210203A7D855A' is selected.
20:30:04 INFO  : 'jtag frequency' command is executed.
20:30:04 INFO  : Context for 'APU' is selected.
20:30:04 INFO  : System reset is completed.
20:30:08 INFO  : 'after 3000' command is executed.
20:30:08 INFO  : 'targets -set -filter {jtag_cable_name =~ "Digilent JTAG-SMT1 210203A7D855A" && level==0 && jtag_device_ctx=="jsn-JTAG-SMT1-210203A7D855A-23727093-0"}' command is executed.
20:30:10 INFO  : Device configured successfully with "C:/Users/Taimoor/Desktop/SIVP/Vitis_IP_MAC/Vitis_IP_MAC/_ide/bitstream/IP_MAC_BD_wrapper.bit"
20:30:10 INFO  : Context for 'APU' is selected.
20:30:10 INFO  : Hardware design and registers information is loaded from 'C:/Users/Taimoor/Desktop/SIVP/Vitis_IP_MAC/IP_MAC_BD_wrapper/export/IP_MAC_BD_wrapper/hw/IP_MAC_BD_wrapper.xsa'.
20:30:10 INFO  : 'configparams force-mem-access 1' command is executed.
20:30:10 INFO  : Context for 'APU' is selected.
20:30:10 INFO  : Sourcing of 'C:/Users/Taimoor/Desktop/SIVP/Vitis_IP_MAC/Vitis_IP_MAC/_ide/psinit/ps7_init.tcl' is done.
20:30:11 INFO  : 'ps7_init' command is executed.
20:30:11 INFO  : 'ps7_post_config' command is executed.
20:30:11 INFO  : Context for processor 'ps7_cortexa9_0' is selected.
20:30:14 INFO  : The application 'C:/Users/Taimoor/Desktop/SIVP/Vitis_IP_MAC/Vitis_IP_MAC/Debug/Vitis_IP_MAC.elf' is downloaded to processor 'ps7_cortexa9_0'.
20:30:14 INFO  : 'configparams force-mem-access 0' command is executed.
20:30:14 INFO  : ----------------XSDB Script----------------
connect -url tcp:127.0.0.1:3121
targets -set -nocase -filter {name =~"APU*"}
rst -system
after 3000
targets -set -filter {jtag_cable_name =~ "Digilent JTAG-SMT1 210203A7D855A" && level==0 && jtag_device_ctx=="jsn-JTAG-SMT1-210203A7D855A-23727093-0"}
fpga -file C:/Users/Taimoor/Desktop/SIVP/Vitis_IP_MAC/Vitis_IP_MAC/_ide/bitstream/IP_MAC_BD_wrapper.bit
targets -set -nocase -filter {name =~"APU*"}
loadhw -hw C:/Users/Taimoor/Desktop/SIVP/Vitis_IP_MAC/IP_MAC_BD_wrapper/export/IP_MAC_BD_wrapper/hw/IP_MAC_BD_wrapper.xsa -mem-ranges [list {0x40000000 0xbfffffff}] -regs
configparams force-mem-access 1
targets -set -nocase -filter {name =~"APU*"}
source C:/Users/Taimoor/Desktop/SIVP/Vitis_IP_MAC/Vitis_IP_MAC/_ide/psinit/ps7_init.tcl
ps7_init
ps7_post_config
targets -set -nocase -filter {name =~ "*A9*#0"}
dow C:/Users/Taimoor/Desktop/SIVP/Vitis_IP_MAC/Vitis_IP_MAC/Debug/Vitis_IP_MAC.elf
configparams force-mem-access 0
----------------End of Script----------------

20:30:14 INFO  : Context for processor 'ps7_cortexa9_0' is selected.
20:30:14 INFO  : 'con' command is executed.
20:30:14 INFO  : ----------------XSDB Script (After Launch)----------------
targets -set -nocase -filter {name =~ "*A9*#0"}
con
----------------End of Script----------------

20:30:14 INFO  : Launch script is exported to file 'C:\Users\Taimoor\Desktop\SIVP\Vitis_IP_MAC\Vitis_IP_MAC_system\_ide\scripts\debugger_vitis_ip_mac-default.tcl'
20:46:58 INFO  : Disconnected from the channel tcfchan#14.
20:46:59 INFO  : Connected to target on host '127.0.0.1' and port '3121'.
20:46:59 INFO  : Jtag cable 'Digilent JTAG-SMT1 210203A7D855A' is selected.
20:46:59 INFO  : 'jtag frequency' command is executed.
20:46:59 INFO  : Context for 'APU' is selected.
20:46:59 INFO  : System reset is completed.
20:47:02 INFO  : 'after 3000' command is executed.
20:47:02 INFO  : 'targets -set -filter {jtag_cable_name =~ "Digilent JTAG-SMT1 210203A7D855A" && level==0 && jtag_device_ctx=="jsn-JTAG-SMT1-210203A7D855A-23727093-0"}' command is executed.
20:47:04 INFO  : Device configured successfully with "C:/Users/Taimoor/Desktop/SIVP/Vitis_IP_MAC/Vitis_IP_MAC/_ide/bitstream/IP_MAC_BD_wrapper.bit"
20:47:04 INFO  : Context for 'APU' is selected.
20:47:04 INFO  : Hardware design and registers information is loaded from 'C:/Users/Taimoor/Desktop/SIVP/Vitis_IP_MAC/IP_MAC_BD_wrapper/export/IP_MAC_BD_wrapper/hw/IP_MAC_BD_wrapper.xsa'.
20:47:04 INFO  : 'configparams force-mem-access 1' command is executed.
20:47:04 INFO  : Context for 'APU' is selected.
20:47:04 INFO  : Sourcing of 'C:/Users/Taimoor/Desktop/SIVP/Vitis_IP_MAC/Vitis_IP_MAC/_ide/psinit/ps7_init.tcl' is done.
20:47:05 INFO  : 'ps7_init' command is executed.
20:47:05 INFO  : 'ps7_post_config' command is executed.
20:47:05 INFO  : Context for processor 'ps7_cortexa9_0' is selected.
20:47:07 INFO  : The application 'C:/Users/Taimoor/Desktop/SIVP/Vitis_IP_MAC/Vitis_IP_MAC/Debug/Vitis_IP_MAC.elf' is downloaded to processor 'ps7_cortexa9_0'.
20:47:07 INFO  : 'configparams force-mem-access 0' command is executed.
20:47:07 INFO  : ----------------XSDB Script----------------
connect -url tcp:127.0.0.1:3121
targets -set -nocase -filter {name =~"APU*"}
rst -system
after 3000
targets -set -filter {jtag_cable_name =~ "Digilent JTAG-SMT1 210203A7D855A" && level==0 && jtag_device_ctx=="jsn-JTAG-SMT1-210203A7D855A-23727093-0"}
fpga -file C:/Users/Taimoor/Desktop/SIVP/Vitis_IP_MAC/Vitis_IP_MAC/_ide/bitstream/IP_MAC_BD_wrapper.bit
targets -set -nocase -filter {name =~"APU*"}
loadhw -hw C:/Users/Taimoor/Desktop/SIVP/Vitis_IP_MAC/IP_MAC_BD_wrapper/export/IP_MAC_BD_wrapper/hw/IP_MAC_BD_wrapper.xsa -mem-ranges [list {0x40000000 0xbfffffff}] -regs
configparams force-mem-access 1
targets -set -nocase -filter {name =~"APU*"}
source C:/Users/Taimoor/Desktop/SIVP/Vitis_IP_MAC/Vitis_IP_MAC/_ide/psinit/ps7_init.tcl
ps7_init
ps7_post_config
targets -set -nocase -filter {name =~ "*A9*#0"}
dow C:/Users/Taimoor/Desktop/SIVP/Vitis_IP_MAC/Vitis_IP_MAC/Debug/Vitis_IP_MAC.elf
configparams force-mem-access 0
----------------End of Script----------------

20:47:07 INFO  : Context for processor 'ps7_cortexa9_0' is selected.
20:47:07 INFO  : 'con' command is executed.
20:47:07 INFO  : ----------------XSDB Script (After Launch)----------------
targets -set -nocase -filter {name =~ "*A9*#0"}
con
----------------End of Script----------------

20:47:07 INFO  : Launch script is exported to file 'C:\Users\Taimoor\Desktop\SIVP\Vitis_IP_MAC\Vitis_IP_MAC_system\_ide\scripts\debugger_vitis_ip_mac-default.tcl'
20:48:18 INFO  : Hardware specification for platform project 'IP_MAC_BD_wrapper' is updated.
21:30:25 INFO  : Result from executing command 'getProjects': IP_MAC_BD_wrapper
21:30:25 INFO  : Result from executing command 'getPlatforms': IP_MAC_BD_wrapper|C:/Users/Taimoor/Desktop/SIVP/Vitis_IP_MAC/IP_MAC_BD_wrapper/export/IP_MAC_BD_wrapper/IP_MAC_BD_wrapper.xpfm
21:30:45 INFO  : Checking for BSP changes to sync application flags for project 'Vitis_IP_MAC'...
21:31:01 INFO  : Disconnected from the channel tcfchan#15.
21:31:02 INFO  : The hardware specfication used by project 'Vitis_IP_MAC' is out of sync with the platform. Resource files extracted from the hardware specfiication will be updated.
21:31:02 INFO  : The file 'C:\Users\Taimoor\Desktop\SIVP\Vitis_IP_MAC\Vitis_IP_MAC\_ide\bitstream\IP_MAC_BD_wrapper.bit' stored in project is removed.
21:31:02 INFO  : The updated bitstream files are copied from platform to folder 'C:\Users\Taimoor\Desktop\SIVP\Vitis_IP_MAC\Vitis_IP_MAC\_ide\bitstream' in project 'Vitis_IP_MAC'.
21:31:02 INFO  : The file 'C:\Users\Taimoor\Desktop\SIVP\Vitis_IP_MAC\Vitis_IP_MAC\_ide\psinit\ps7_init.tcl' stored in project is removed.
21:31:09 INFO  : The updated ps init files are copied from platform to folder 'C:\Users\Taimoor\Desktop\SIVP\Vitis_IP_MAC\Vitis_IP_MAC\_ide\psinit' in project 'Vitis_IP_MAC'.
21:31:09 INFO  : Connected to target on host '127.0.0.1' and port '3121'.
21:31:27 INFO  : ----------------XSDB Script----------------
connect -url tcp:127.0.0.1:3121
----------------End of Script----------------

21:31:27 ERROR : Could not find ARM device on the board for connection 'Local'.
Check if the target is in:
1. Split JTAG - No operations are possible with ARM DAP.
2. Non JTAG bootmode - Bootrom may need time to enable DAP.
Please try again.


Troubleshooting hints:
1. Check whether board is connected to system properly.
2. In case of zynq board, check whether Digilent/Xilinx cable switch settings are correct.
3. If you are using Xilinx Platform Cable USB, ensure that status LED is green.
21:35:02 INFO  : Connected to target on host '127.0.0.1' and port '3121'.
21:35:02 INFO  : Jtag cable 'Digilent JTAG-SMT1 210203A7D855A' is selected.
21:35:02 INFO  : 'jtag frequency' command is executed.
21:35:02 INFO  : Context for 'APU' is selected.
21:35:02 INFO  : System reset is completed.
21:35:05 INFO  : 'after 3000' command is executed.
21:35:05 INFO  : 'targets -set -filter {jtag_cable_name =~ "Digilent JTAG-SMT1 210203A7D855A" && level==0 && jtag_device_ctx=="jsn-JTAG-SMT1-210203A7D855A-23727093-0"}' command is executed.
21:35:07 INFO  : Device configured successfully with "C:/Users/Taimoor/Desktop/SIVP/Vitis_IP_MAC/Vitis_IP_MAC/_ide/bitstream/IP_MAC_BD_wrapper.bit"
21:35:07 INFO  : Context for 'APU' is selected.
21:35:07 INFO  : Hardware design and registers information is loaded from 'C:/Users/Taimoor/Desktop/SIVP/Vitis_IP_MAC/IP_MAC_BD_wrapper/export/IP_MAC_BD_wrapper/hw/IP_MAC_BD_wrapper.xsa'.
21:35:07 INFO  : 'configparams force-mem-access 1' command is executed.
21:35:07 INFO  : Context for 'APU' is selected.
21:35:07 INFO  : Sourcing of 'C:/Users/Taimoor/Desktop/SIVP/Vitis_IP_MAC/Vitis_IP_MAC/_ide/psinit/ps7_init.tcl' is done.
21:35:08 INFO  : 'ps7_init' command is executed.
21:35:08 INFO  : 'ps7_post_config' command is executed.
21:35:08 INFO  : Context for processor 'ps7_cortexa9_0' is selected.
21:35:10 INFO  : The application 'C:/Users/Taimoor/Desktop/SIVP/Vitis_IP_MAC/Vitis_IP_MAC/Debug/Vitis_IP_MAC.elf' is downloaded to processor 'ps7_cortexa9_0'.
21:35:10 INFO  : 'configparams force-mem-access 0' command is executed.
21:35:10 INFO  : ----------------XSDB Script----------------
connect -url tcp:127.0.0.1:3121
targets -set -nocase -filter {name =~"APU*"}
rst -system
after 3000
targets -set -filter {jtag_cable_name =~ "Digilent JTAG-SMT1 210203A7D855A" && level==0 && jtag_device_ctx=="jsn-JTAG-SMT1-210203A7D855A-23727093-0"}
fpga -file C:/Users/Taimoor/Desktop/SIVP/Vitis_IP_MAC/Vitis_IP_MAC/_ide/bitstream/IP_MAC_BD_wrapper.bit
targets -set -nocase -filter {name =~"APU*"}
loadhw -hw C:/Users/Taimoor/Desktop/SIVP/Vitis_IP_MAC/IP_MAC_BD_wrapper/export/IP_MAC_BD_wrapper/hw/IP_MAC_BD_wrapper.xsa -mem-ranges [list {0x40000000 0xbfffffff}] -regs
configparams force-mem-access 1
targets -set -nocase -filter {name =~"APU*"}
source C:/Users/Taimoor/Desktop/SIVP/Vitis_IP_MAC/Vitis_IP_MAC/_ide/psinit/ps7_init.tcl
ps7_init
ps7_post_config
targets -set -nocase -filter {name =~ "*A9*#0"}
dow C:/Users/Taimoor/Desktop/SIVP/Vitis_IP_MAC/Vitis_IP_MAC/Debug/Vitis_IP_MAC.elf
configparams force-mem-access 0
----------------End of Script----------------

21:35:10 INFO  : Context for processor 'ps7_cortexa9_0' is selected.
21:35:10 INFO  : 'con' command is executed.
21:35:10 INFO  : ----------------XSDB Script (After Launch)----------------
targets -set -nocase -filter {name =~ "*A9*#0"}
con
----------------End of Script----------------

21:35:10 INFO  : Launch script is exported to file 'C:\Users\Taimoor\Desktop\SIVP\Vitis_IP_MAC\Vitis_IP_MAC_system\_ide\scripts\debugger_vitis_ip_mac-default.tcl'
21:59:40 INFO  : Hardware specification for platform project 'IP_MAC_BD_wrapper' is updated.
22:00:09 INFO  : Result from executing command 'getProjects': IP_MAC_BD_wrapper
22:00:09 INFO  : Result from executing command 'getPlatforms': IP_MAC_BD_wrapper|C:/Users/Taimoor/Desktop/SIVP/Vitis_IP_MAC/IP_MAC_BD_wrapper/export/IP_MAC_BD_wrapper/IP_MAC_BD_wrapper.xpfm
22:00:15 INFO  : Checking for BSP changes to sync application flags for project 'Vitis_IP_MAC'...
22:00:22 INFO  : Disconnected from the channel tcfchan#17.
22:00:23 INFO  : The hardware specfication used by project 'Vitis_IP_MAC' is out of sync with the platform. Resource files extracted from the hardware specfiication will be updated.
22:00:23 INFO  : The file 'C:\Users\Taimoor\Desktop\SIVP\Vitis_IP_MAC\Vitis_IP_MAC\_ide\bitstream\IP_MAC_BD_wrapper.bit' stored in project is removed.
22:00:23 INFO  : The updated bitstream files are copied from platform to folder 'C:\Users\Taimoor\Desktop\SIVP\Vitis_IP_MAC\Vitis_IP_MAC\_ide\bitstream' in project 'Vitis_IP_MAC'.
22:00:23 INFO  : The file 'C:\Users\Taimoor\Desktop\SIVP\Vitis_IP_MAC\Vitis_IP_MAC\_ide\psinit\ps7_init.tcl' stored in project is removed.
22:00:30 INFO  : The updated ps init files are copied from platform to folder 'C:\Users\Taimoor\Desktop\SIVP\Vitis_IP_MAC\Vitis_IP_MAC\_ide\psinit' in project 'Vitis_IP_MAC'.
22:00:30 INFO  : Connected to target on host '127.0.0.1' and port '3121'.
22:00:30 INFO  : Jtag cable 'Digilent JTAG-SMT1 210203A7D855A' is selected.
22:00:30 INFO  : 'jtag frequency' command is executed.
22:00:30 INFO  : Context for 'APU' is selected.
22:00:30 INFO  : System reset is completed.
22:00:33 INFO  : 'after 3000' command is executed.
22:00:33 INFO  : 'targets -set -filter {jtag_cable_name =~ "Digilent JTAG-SMT1 210203A7D855A" && level==0 && jtag_device_ctx=="jsn-JTAG-SMT1-210203A7D855A-23727093-0"}' command is executed.
22:00:35 INFO  : Device configured successfully with "C:/Users/Taimoor/Desktop/SIVP/Vitis_IP_MAC/Vitis_IP_MAC/_ide/bitstream/IP_MAC_BD_wrapper.bit"
22:00:35 INFO  : Context for 'APU' is selected.
22:00:35 INFO  : Hardware design and registers information is loaded from 'C:/Users/Taimoor/Desktop/SIVP/Vitis_IP_MAC/IP_MAC_BD_wrapper/export/IP_MAC_BD_wrapper/hw/IP_MAC_BD_wrapper.xsa'.
22:00:35 INFO  : 'configparams force-mem-access 1' command is executed.
22:00:35 INFO  : Context for 'APU' is selected.
22:00:35 INFO  : Sourcing of 'C:/Users/Taimoor/Desktop/SIVP/Vitis_IP_MAC/Vitis_IP_MAC/_ide/psinit/ps7_init.tcl' is done.
22:00:36 INFO  : 'ps7_init' command is executed.
22:00:36 INFO  : 'ps7_post_config' command is executed.
22:00:36 INFO  : Context for processor 'ps7_cortexa9_0' is selected.
22:00:38 INFO  : The application 'C:/Users/Taimoor/Desktop/SIVP/Vitis_IP_MAC/Vitis_IP_MAC/Debug/Vitis_IP_MAC.elf' is downloaded to processor 'ps7_cortexa9_0'.
22:00:38 INFO  : 'configparams force-mem-access 0' command is executed.
22:00:38 INFO  : ----------------XSDB Script----------------
connect -url tcp:127.0.0.1:3121
targets -set -nocase -filter {name =~"APU*"}
rst -system
after 3000
targets -set -filter {jtag_cable_name =~ "Digilent JTAG-SMT1 210203A7D855A" && level==0 && jtag_device_ctx=="jsn-JTAG-SMT1-210203A7D855A-23727093-0"}
fpga -file C:/Users/Taimoor/Desktop/SIVP/Vitis_IP_MAC/Vitis_IP_MAC/_ide/bitstream/IP_MAC_BD_wrapper.bit
targets -set -nocase -filter {name =~"APU*"}
loadhw -hw C:/Users/Taimoor/Desktop/SIVP/Vitis_IP_MAC/IP_MAC_BD_wrapper/export/IP_MAC_BD_wrapper/hw/IP_MAC_BD_wrapper.xsa -mem-ranges [list {0x40000000 0xbfffffff}] -regs
configparams force-mem-access 1
targets -set -nocase -filter {name =~"APU*"}
source C:/Users/Taimoor/Desktop/SIVP/Vitis_IP_MAC/Vitis_IP_MAC/_ide/psinit/ps7_init.tcl
ps7_init
ps7_post_config
targets -set -nocase -filter {name =~ "*A9*#0"}
dow C:/Users/Taimoor/Desktop/SIVP/Vitis_IP_MAC/Vitis_IP_MAC/Debug/Vitis_IP_MAC.elf
configparams force-mem-access 0
----------------End of Script----------------

22:00:38 INFO  : Context for processor 'ps7_cortexa9_0' is selected.
22:00:38 INFO  : 'con' command is executed.
22:00:38 INFO  : ----------------XSDB Script (After Launch)----------------
targets -set -nocase -filter {name =~ "*A9*#0"}
con
----------------End of Script----------------

22:00:38 INFO  : Launch script is exported to file 'C:\Users\Taimoor\Desktop\SIVP\Vitis_IP_MAC\Vitis_IP_MAC_system\_ide\scripts\debugger_vitis_ip_mac-default.tcl'
22:22:27 WARN  : channel "tcfchan#19" closed
15:26:01 INFO  : Launching XSCT server: xsct.bat -n  -interactive C:\Users\Taimoor\Desktop\SIVP\Vitis_IP_MAC\temp_xsdb_launch_script.tcl
15:26:04 INFO  : XSCT server has started successfully.
15:26:04 INFO  : plnx-install-location is set to ''
15:26:04 INFO  : Successfully done setting XSCT server connection channel  
15:26:04 INFO  : Successfully done setting workspace for the tool. 
15:26:09 INFO  : Platform repository initialization has completed.
15:26:09 INFO  : Registering command handlers for Vitis TCF services
15:26:16 INFO  : Successfully done query RDI_DATADIR 
15:31:45 INFO  : Result from executing command 'getProjects': IP_MAC_BD_wrapper
15:31:45 INFO  : Result from executing command 'getPlatforms': IP_MAC_BD_wrapper|C:/Users/Taimoor/Desktop/SIVP/Vitis_IP_MAC/IP_MAC_BD_wrapper/export/IP_MAC_BD_wrapper/IP_MAC_BD_wrapper.xpfm
15:31:45 INFO  : Checking for BSP changes to sync application flags for project 'Vitis_IP_MAC'...
17:27:49 INFO  : Launching XSCT server: xsct.bat -n  -interactive C:\Users\Taimoor\Desktop\SIVP\Vitis_IP_MAC\temp_xsdb_launch_script.tcl
17:27:52 INFO  : XSCT server has started successfully.
17:27:52 INFO  : Successfully done setting XSCT server connection channel  
17:27:52 INFO  : plnx-install-location is set to ''
17:27:52 INFO  : Successfully done setting workspace for the tool. 
17:27:57 INFO  : Platform repository initialization has completed.
17:27:57 INFO  : Registering command handlers for Vitis TCF services
17:28:03 INFO  : Successfully done query RDI_DATADIR 
17:34:27 INFO  : Result from executing command 'getProjects': IP_MAC_BD_wrapper
17:34:27 INFO  : Result from executing command 'getPlatforms': IP_MAC_BD_wrapper|C:/Users/Taimoor/Desktop/SIVP/Vitis_IP_MAC/IP_MAC_BD_wrapper/export/IP_MAC_BD_wrapper/IP_MAC_BD_wrapper.xpfm
17:44:32 INFO  : Result from executing command 'getProjects': IP_MAC_BD_wrapper
17:44:32 INFO  : Result from executing command 'getPlatforms': IP_MAC_BD_wrapper|C:/Users/Taimoor/Desktop/SIVP/Vitis_IP_MAC/IP_MAC_BD_wrapper/export/IP_MAC_BD_wrapper/IP_MAC_BD_wrapper.xpfm
17:51:19 INFO  : Checking for BSP changes to sync application flags for project 'Vitis_IP_MAC'...
17:51:49 INFO  : Connected to target on host '127.0.0.1' and port '3121'.
17:51:50 INFO  : Jtag cable 'Digilent JTAG-SMT1 210203A7D855A' is selected.
17:51:50 INFO  : 'jtag frequency' command is executed.
17:51:50 INFO  : Context for 'APU' is selected.
17:51:50 INFO  : System reset is completed.
17:51:53 INFO  : 'after 3000' command is executed.
17:51:53 INFO  : 'targets -set -filter {jtag_cable_name =~ "Digilent JTAG-SMT1 210203A7D855A" && level==0 && jtag_device_ctx=="jsn-JTAG-SMT1-210203A7D855A-23727093-0"}' command is executed.
17:51:55 INFO  : Device configured successfully with "C:/Users/Taimoor/Desktop/SIVP/Vitis_IP_MAC/Vitis_IP_MAC/_ide/bitstream/IP_MAC_BD_wrapper.bit"
17:51:55 INFO  : Context for 'APU' is selected.
17:51:55 INFO  : Hardware design and registers information is loaded from 'C:/Users/Taimoor/Desktop/SIVP/Vitis_IP_MAC/IP_MAC_BD_wrapper/export/IP_MAC_BD_wrapper/hw/IP_MAC_BD_wrapper.xsa'.
17:51:55 INFO  : 'configparams force-mem-access 1' command is executed.
17:51:55 INFO  : Context for 'APU' is selected.
17:51:55 INFO  : Sourcing of 'C:/Users/Taimoor/Desktop/SIVP/Vitis_IP_MAC/Vitis_IP_MAC/_ide/psinit/ps7_init.tcl' is done.
17:51:56 INFO  : 'ps7_init' command is executed.
17:51:56 INFO  : 'ps7_post_config' command is executed.
17:51:56 INFO  : Context for processor 'ps7_cortexa9_0' is selected.
17:51:58 INFO  : The application 'C:/Users/Taimoor/Desktop/SIVP/Vitis_IP_MAC/Vitis_IP_MAC/Debug/Vitis_IP_MAC.elf' is downloaded to processor 'ps7_cortexa9_0'.
17:51:58 INFO  : 'configparams force-mem-access 0' command is executed.
17:51:58 INFO  : ----------------XSDB Script----------------
connect -url tcp:127.0.0.1:3121
targets -set -nocase -filter {name =~"APU*"}
rst -system
after 3000
targets -set -filter {jtag_cable_name =~ "Digilent JTAG-SMT1 210203A7D855A" && level==0 && jtag_device_ctx=="jsn-JTAG-SMT1-210203A7D855A-23727093-0"}
fpga -file C:/Users/Taimoor/Desktop/SIVP/Vitis_IP_MAC/Vitis_IP_MAC/_ide/bitstream/IP_MAC_BD_wrapper.bit
targets -set -nocase -filter {name =~"APU*"}
loadhw -hw C:/Users/Taimoor/Desktop/SIVP/Vitis_IP_MAC/IP_MAC_BD_wrapper/export/IP_MAC_BD_wrapper/hw/IP_MAC_BD_wrapper.xsa -mem-ranges [list {0x40000000 0xbfffffff}] -regs
configparams force-mem-access 1
targets -set -nocase -filter {name =~"APU*"}
source C:/Users/Taimoor/Desktop/SIVP/Vitis_IP_MAC/Vitis_IP_MAC/_ide/psinit/ps7_init.tcl
ps7_init
ps7_post_config
targets -set -nocase -filter {name =~ "*A9*#0"}
dow C:/Users/Taimoor/Desktop/SIVP/Vitis_IP_MAC/Vitis_IP_MAC/Debug/Vitis_IP_MAC.elf
configparams force-mem-access 0
----------------End of Script----------------

17:51:58 INFO  : Context for processor 'ps7_cortexa9_0' is selected.
17:51:58 INFO  : 'con' command is executed.
17:51:58 INFO  : ----------------XSDB Script (After Launch)----------------
targets -set -nocase -filter {name =~ "*A9*#0"}
con
----------------End of Script----------------

17:51:58 INFO  : Launch script is exported to file 'C:\Users\Taimoor\Desktop\SIVP\Vitis_IP_MAC\Vitis_IP_MAC_system\_ide\scripts\debugger_vitis_ip_mac-default.tcl'
17:52:38 INFO  : Checking for BSP changes to sync application flags for project 'Vitis_IP_MAC'...
17:52:55 INFO  : Checking for BSP changes to sync application flags for project 'Vitis_IP_MAC'...
17:53:03 INFO  : Disconnected from the channel tcfchan#6.
17:53:04 INFO  : Connected to target on host '127.0.0.1' and port '3121'.
17:53:05 INFO  : Jtag cable 'Digilent JTAG-SMT1 210203A7D855A' is selected.
17:53:05 INFO  : 'jtag frequency' command is executed.
17:53:05 INFO  : Context for 'APU' is selected.
17:53:05 INFO  : System reset is completed.
17:53:08 INFO  : 'after 3000' command is executed.
17:53:08 INFO  : 'targets -set -filter {jtag_cable_name =~ "Digilent JTAG-SMT1 210203A7D855A" && level==0 && jtag_device_ctx=="jsn-JTAG-SMT1-210203A7D855A-23727093-0"}' command is executed.
17:53:10 INFO  : Device configured successfully with "C:/Users/Taimoor/Desktop/SIVP/Vitis_IP_MAC/Vitis_IP_MAC/_ide/bitstream/IP_MAC_BD_wrapper.bit"
17:53:10 INFO  : Context for 'APU' is selected.
17:53:10 INFO  : Hardware design and registers information is loaded from 'C:/Users/Taimoor/Desktop/SIVP/Vitis_IP_MAC/IP_MAC_BD_wrapper/export/IP_MAC_BD_wrapper/hw/IP_MAC_BD_wrapper.xsa'.
17:53:10 INFO  : 'configparams force-mem-access 1' command is executed.
17:53:10 INFO  : Context for 'APU' is selected.
17:53:10 INFO  : Sourcing of 'C:/Users/Taimoor/Desktop/SIVP/Vitis_IP_MAC/Vitis_IP_MAC/_ide/psinit/ps7_init.tcl' is done.
17:53:10 INFO  : 'ps7_init' command is executed.
17:53:10 INFO  : 'ps7_post_config' command is executed.
17:53:10 INFO  : Context for processor 'ps7_cortexa9_0' is selected.
17:53:13 INFO  : The application 'C:/Users/Taimoor/Desktop/SIVP/Vitis_IP_MAC/Vitis_IP_MAC/Debug/Vitis_IP_MAC.elf' is downloaded to processor 'ps7_cortexa9_0'.
17:53:13 INFO  : 'configparams force-mem-access 0' command is executed.
17:53:13 INFO  : ----------------XSDB Script----------------
connect -url tcp:127.0.0.1:3121
targets -set -nocase -filter {name =~"APU*"}
rst -system
after 3000
targets -set -filter {jtag_cable_name =~ "Digilent JTAG-SMT1 210203A7D855A" && level==0 && jtag_device_ctx=="jsn-JTAG-SMT1-210203A7D855A-23727093-0"}
fpga -file C:/Users/Taimoor/Desktop/SIVP/Vitis_IP_MAC/Vitis_IP_MAC/_ide/bitstream/IP_MAC_BD_wrapper.bit
targets -set -nocase -filter {name =~"APU*"}
loadhw -hw C:/Users/Taimoor/Desktop/SIVP/Vitis_IP_MAC/IP_MAC_BD_wrapper/export/IP_MAC_BD_wrapper/hw/IP_MAC_BD_wrapper.xsa -mem-ranges [list {0x40000000 0xbfffffff}] -regs
configparams force-mem-access 1
targets -set -nocase -filter {name =~"APU*"}
source C:/Users/Taimoor/Desktop/SIVP/Vitis_IP_MAC/Vitis_IP_MAC/_ide/psinit/ps7_init.tcl
ps7_init
ps7_post_config
targets -set -nocase -filter {name =~ "*A9*#0"}
dow C:/Users/Taimoor/Desktop/SIVP/Vitis_IP_MAC/Vitis_IP_MAC/Debug/Vitis_IP_MAC.elf
configparams force-mem-access 0
----------------End of Script----------------

17:53:13 INFO  : Context for processor 'ps7_cortexa9_0' is selected.
17:53:13 INFO  : 'con' command is executed.
17:53:13 INFO  : ----------------XSDB Script (After Launch)----------------
targets -set -nocase -filter {name =~ "*A9*#0"}
con
----------------End of Script----------------

17:53:13 INFO  : Launch script is exported to file 'C:\Users\Taimoor\Desktop\SIVP\Vitis_IP_MAC\Vitis_IP_MAC_system\_ide\scripts\debugger_vitis_ip_mac-default.tcl'
17:53:40 INFO  : Disconnected from the channel tcfchan#8.
17:53:41 INFO  : Connected to target on host '127.0.0.1' and port '3121'.
17:53:41 INFO  : Jtag cable 'Digilent JTAG-SMT1 210203A7D855A' is selected.
17:53:41 INFO  : 'jtag frequency' command is executed.
17:53:41 INFO  : Context for 'APU' is selected.
17:53:41 INFO  : System reset is completed.
17:53:44 INFO  : 'after 3000' command is executed.
17:53:45 INFO  : 'targets -set -filter {jtag_cable_name =~ "Digilent JTAG-SMT1 210203A7D855A" && level==0 && jtag_device_ctx=="jsn-JTAG-SMT1-210203A7D855A-23727093-0"}' command is executed.
17:53:47 INFO  : Device configured successfully with "C:/Users/Taimoor/Desktop/SIVP/Vitis_IP_MAC/Vitis_IP_MAC/_ide/bitstream/IP_MAC_BD_wrapper.bit"
17:53:47 INFO  : Context for 'APU' is selected.
17:53:47 INFO  : Hardware design and registers information is loaded from 'C:/Users/Taimoor/Desktop/SIVP/Vitis_IP_MAC/IP_MAC_BD_wrapper/export/IP_MAC_BD_wrapper/hw/IP_MAC_BD_wrapper.xsa'.
17:53:47 INFO  : 'configparams force-mem-access 1' command is executed.
17:53:47 INFO  : Context for 'APU' is selected.
17:53:47 INFO  : Sourcing of 'C:/Users/Taimoor/Desktop/SIVP/Vitis_IP_MAC/Vitis_IP_MAC/_ide/psinit/ps7_init.tcl' is done.
17:53:47 INFO  : 'ps7_init' command is executed.
17:53:47 INFO  : 'ps7_post_config' command is executed.
17:53:47 INFO  : Context for processor 'ps7_cortexa9_0' is selected.
17:53:50 INFO  : The application 'C:/Users/Taimoor/Desktop/SIVP/Vitis_IP_MAC/Vitis_IP_MAC/Debug/Vitis_IP_MAC.elf' is downloaded to processor 'ps7_cortexa9_0'.
17:53:50 INFO  : 'configparams force-mem-access 0' command is executed.
17:53:50 INFO  : ----------------XSDB Script----------------
connect -url tcp:127.0.0.1:3121
targets -set -nocase -filter {name =~"APU*"}
rst -system
after 3000
targets -set -filter {jtag_cable_name =~ "Digilent JTAG-SMT1 210203A7D855A" && level==0 && jtag_device_ctx=="jsn-JTAG-SMT1-210203A7D855A-23727093-0"}
fpga -file C:/Users/Taimoor/Desktop/SIVP/Vitis_IP_MAC/Vitis_IP_MAC/_ide/bitstream/IP_MAC_BD_wrapper.bit
targets -set -nocase -filter {name =~"APU*"}
loadhw -hw C:/Users/Taimoor/Desktop/SIVP/Vitis_IP_MAC/IP_MAC_BD_wrapper/export/IP_MAC_BD_wrapper/hw/IP_MAC_BD_wrapper.xsa -mem-ranges [list {0x40000000 0xbfffffff}] -regs
configparams force-mem-access 1
targets -set -nocase -filter {name =~"APU*"}
source C:/Users/Taimoor/Desktop/SIVP/Vitis_IP_MAC/Vitis_IP_MAC/_ide/psinit/ps7_init.tcl
ps7_init
ps7_post_config
targets -set -nocase -filter {name =~ "*A9*#0"}
dow C:/Users/Taimoor/Desktop/SIVP/Vitis_IP_MAC/Vitis_IP_MAC/Debug/Vitis_IP_MAC.elf
configparams force-mem-access 0
----------------End of Script----------------

17:53:50 INFO  : Context for processor 'ps7_cortexa9_0' is selected.
17:53:50 INFO  : 'con' command is executed.
17:53:50 INFO  : ----------------XSDB Script (After Launch)----------------
targets -set -nocase -filter {name =~ "*A9*#0"}
con
----------------End of Script----------------

17:53:50 INFO  : Launch script is exported to file 'C:\Users\Taimoor\Desktop\SIVP\Vitis_IP_MAC\Vitis_IP_MAC_system\_ide\scripts\debugger_vitis_ip_mac-default.tcl'
17:57:39 INFO  : Checking for BSP changes to sync application flags for project 'Vitis_IP_MAC'...
17:57:39 ERROR : Failed to openhw "C:/Users/Taimoor/Desktop/SIVP/Vitis_IP_MAC/IP_MAC_BD_wrapper/export/IP_MAC_BD_wrapper/hw/IP_MAC_BD_wrapper.xsa"
Reason: ERROR: [Common 17-39] 'hsi::open_hw_design' failed due to earlier errors.

17:57:39 ERROR : Failed to update application flags from BSP for 'Vitis_IP_MAC'. Reason: null
java.lang.NullPointerException
	at com.xilinx.sdx.sw.internal.SDxSwPlatform.<init>(SDxSwPlatform.java:305)
	at com.xilinx.sdx.sw.internal.SDxSwPlatform.create(SDxSwPlatform.java:214)
	at com.xilinx.sdx.sdk.core.util.SdkPlatformHelper.getSwPlatform(SdkPlatformHelper.java:61)
	at com.xilinx.sdx.sdk.core.build.SdkMakefileGenerationListener.getSwPlatform(SdkMakefileGenerationListener.java:160)
	at com.xilinx.sdx.sdk.core.build.SdkMakefileGenerationListener.syncAppFlags(SdkMakefileGenerationListener.java:78)
	at com.xilinx.sdx.sdk.core.build.SdkMakefileGenerationListener.preMakefileGeneration(SdkMakefileGenerationListener.java:48)
	at com.xilinx.sdk.managedbuilder.XilinxGnuMakefileGenerator.notifyPreMakefileGenerationListeners(XilinxGnuMakefileGenerator.java:91)
	at com.xilinx.sdk.managedbuilder.XilinxGnuMakefileGenerator.generateMakefiles(XilinxGnuMakefileGenerator.java:40)
	at org.eclipse.cdt.managedbuilder.internal.core.CommonBuilder.performMakefileGeneration(CommonBuilder.java:1008)
	at org.eclipse.cdt.managedbuilder.internal.core.CommonBuilder.performPrebuildGeneration(CommonBuilder.java:873)
	at org.eclipse.cdt.managedbuilder.internal.core.CommonBuilder.build(CommonBuilder.java:748)
	at org.eclipse.cdt.managedbuilder.internal.core.CommonBuilder.build(CommonBuilder.java:510)
	at org.eclipse.cdt.managedbuilder.internal.core.CommonBuilder.build(CommonBuilder.java:459)
	at org.eclipse.core.internal.events.BuildManager$2.run(BuildManager.java:832)
	at org.eclipse.core.runtime.SafeRunner.run(SafeRunner.java:45)
	at org.eclipse.core.internal.events.BuildManager.basicBuild(BuildManager.java:220)
	at org.eclipse.core.internal.events.BuildManager.basicBuild(BuildManager.java:263)
	at org.eclipse.core.internal.events.BuildManager$1.run(BuildManager.java:316)
	at org.eclipse.core.runtime.SafeRunner.run(SafeRunner.java:45)
	at org.eclipse.core.internal.events.BuildManager.basicBuild(BuildManager.java:319)
	at org.eclipse.core.internal.events.BuildManager.basicBuildLoop(BuildManager.java:371)
	at org.eclipse.core.internal.events.BuildManager.build(BuildManager.java:392)
	at org.eclipse.core.internal.resources.Workspace.buildInternal(Workspace.java:515)
	at org.eclipse.core.internal.resources.Workspace.build(Workspace.java:412)
	at org.eclipse.ui.actions.BuildAction$1.runInWorkspace(BuildAction.java:291)
	at org.eclipse.core.internal.resources.InternalWorkspaceJob.run(InternalWorkspaceJob.java:42)
	at org.eclipse.core.internal.jobs.Worker.run(Worker.java:63)
18:00:20 INFO  : Result from executing command 'getProjects': IP_MAC_BD_wrapper
18:00:20 INFO  : Result from executing command 'getPlatforms': IP_MAC_BD_wrapper|C:/Users/Taimoor/Desktop/SIVP/Vitis_IP_MAC/IP_MAC_BD_wrapper/export/IP_MAC_BD_wrapper/IP_MAC_BD_wrapper.xpfm
18:00:56 INFO  : Result from executing command 'getProjects': IP_MAC_BD_wrapper
18:00:56 INFO  : Result from executing command 'getPlatforms': IP_MAC_BD_wrapper|C:/Users/Taimoor/Desktop/SIVP/Vitis_IP_MAC/IP_MAC_BD_wrapper/export/IP_MAC_BD_wrapper/IP_MAC_BD_wrapper.xpfm
18:01:06 INFO  : Checking for BSP changes to sync application flags for project 'Vitis_IP_MAC'...
18:01:18 INFO  : Disconnected from the channel tcfchan#9.
18:01:19 INFO  : Connected to target on host '127.0.0.1' and port '3121'.
18:01:20 INFO  : Jtag cable 'Digilent JTAG-SMT1 210203A7D855A' is selected.
18:01:20 INFO  : 'jtag frequency' command is executed.
18:01:20 INFO  : Context for 'APU' is selected.
18:01:20 INFO  : System reset is completed.
18:01:23 INFO  : 'after 3000' command is executed.
18:01:23 INFO  : 'targets -set -filter {jtag_cable_name =~ "Digilent JTAG-SMT1 210203A7D855A" && level==0 && jtag_device_ctx=="jsn-JTAG-SMT1-210203A7D855A-23727093-0"}' command is executed.
18:01:25 INFO  : Device configured successfully with "C:/Users/Taimoor/Desktop/SIVP/Vitis_IP_MAC/Vitis_IP_MAC/_ide/bitstream/IP_MAC_BD_wrapper.bit"
18:01:25 INFO  : Context for 'APU' is selected.
18:01:25 INFO  : Hardware design and registers information is loaded from 'C:/Users/Taimoor/Desktop/SIVP/Vitis_IP_MAC/IP_MAC_BD_wrapper/export/IP_MAC_BD_wrapper/hw/IP_MAC_BD_wrapper.xsa'.
18:01:25 INFO  : 'configparams force-mem-access 1' command is executed.
18:01:25 INFO  : Context for 'APU' is selected.
18:01:25 INFO  : Sourcing of 'C:/Users/Taimoor/Desktop/SIVP/Vitis_IP_MAC/Vitis_IP_MAC/_ide/psinit/ps7_init.tcl' is done.
18:01:25 INFO  : 'ps7_init' command is executed.
18:01:26 INFO  : 'ps7_post_config' command is executed.
18:01:26 INFO  : Context for processor 'ps7_cortexa9_0' is selected.
18:01:28 INFO  : The application 'C:/Users/Taimoor/Desktop/SIVP/Vitis_IP_MAC/Vitis_IP_MAC/Debug/Vitis_IP_MAC.elf' is downloaded to processor 'ps7_cortexa9_0'.
18:01:28 INFO  : 'configparams force-mem-access 0' command is executed.
18:01:28 INFO  : ----------------XSDB Script----------------
connect -url tcp:127.0.0.1:3121
targets -set -nocase -filter {name =~"APU*"}
rst -system
after 3000
targets -set -filter {jtag_cable_name =~ "Digilent JTAG-SMT1 210203A7D855A" && level==0 && jtag_device_ctx=="jsn-JTAG-SMT1-210203A7D855A-23727093-0"}
fpga -file C:/Users/Taimoor/Desktop/SIVP/Vitis_IP_MAC/Vitis_IP_MAC/_ide/bitstream/IP_MAC_BD_wrapper.bit
targets -set -nocase -filter {name =~"APU*"}
loadhw -hw C:/Users/Taimoor/Desktop/SIVP/Vitis_IP_MAC/IP_MAC_BD_wrapper/export/IP_MAC_BD_wrapper/hw/IP_MAC_BD_wrapper.xsa -mem-ranges [list {0x40000000 0xbfffffff}] -regs
configparams force-mem-access 1
targets -set -nocase -filter {name =~"APU*"}
source C:/Users/Taimoor/Desktop/SIVP/Vitis_IP_MAC/Vitis_IP_MAC/_ide/psinit/ps7_init.tcl
ps7_init
ps7_post_config
targets -set -nocase -filter {name =~ "*A9*#0"}
dow C:/Users/Taimoor/Desktop/SIVP/Vitis_IP_MAC/Vitis_IP_MAC/Debug/Vitis_IP_MAC.elf
configparams force-mem-access 0
----------------End of Script----------------

18:01:28 INFO  : Context for processor 'ps7_cortexa9_0' is selected.
18:01:28 INFO  : 'con' command is executed.
18:01:28 INFO  : ----------------XSDB Script (After Launch)----------------
targets -set -nocase -filter {name =~ "*A9*#0"}
con
----------------End of Script----------------

18:01:28 INFO  : Launch script is exported to file 'C:\Users\Taimoor\Desktop\SIVP\Vitis_IP_MAC\Vitis_IP_MAC_system\_ide\scripts\debugger_vitis_ip_mac-default.tcl'
18:03:11 INFO  : Result from executing command 'getProjects': IP_MAC_BD_wrapper
18:03:11 INFO  : Result from executing command 'getPlatforms': IP_MAC_BD_wrapper|C:/Users/Taimoor/Desktop/SIVP/Vitis_IP_MAC/IP_MAC_BD_wrapper/export/IP_MAC_BD_wrapper/IP_MAC_BD_wrapper.xpfm
18:03:12 INFO  : Checking for BSP changes to sync application flags for project 'Vitis_IP_MAC'...
18:03:16 INFO  : Disconnected from the channel tcfchan#16.
18:03:17 INFO  : Connected to target on host '127.0.0.1' and port '3121'.
18:03:17 INFO  : Jtag cable 'Digilent JTAG-SMT1 210203A7D855A' is selected.
18:03:17 INFO  : 'jtag frequency' command is executed.
18:03:17 INFO  : Context for 'APU' is selected.
18:03:17 INFO  : System reset is completed.
18:03:20 INFO  : 'after 3000' command is executed.
18:03:20 INFO  : 'targets -set -filter {jtag_cable_name =~ "Digilent JTAG-SMT1 210203A7D855A" && level==0 && jtag_device_ctx=="jsn-JTAG-SMT1-210203A7D855A-23727093-0"}' command is executed.
18:03:23 INFO  : Device configured successfully with "C:/Users/Taimoor/Desktop/SIVP/Vitis_IP_MAC/Vitis_IP_MAC/_ide/bitstream/IP_MAC_BD_wrapper.bit"
18:03:23 INFO  : Context for 'APU' is selected.
18:03:23 INFO  : Hardware design and registers information is loaded from 'C:/Users/Taimoor/Desktop/SIVP/Vitis_IP_MAC/IP_MAC_BD_wrapper/export/IP_MAC_BD_wrapper/hw/IP_MAC_BD_wrapper.xsa'.
18:03:23 INFO  : 'configparams force-mem-access 1' command is executed.
18:03:23 INFO  : Context for 'APU' is selected.
18:03:23 INFO  : Sourcing of 'C:/Users/Taimoor/Desktop/SIVP/Vitis_IP_MAC/Vitis_IP_MAC/_ide/psinit/ps7_init.tcl' is done.
18:03:23 INFO  : 'ps7_init' command is executed.
18:03:23 INFO  : 'ps7_post_config' command is executed.
18:03:23 INFO  : Context for processor 'ps7_cortexa9_0' is selected.
18:03:25 INFO  : The application 'C:/Users/Taimoor/Desktop/SIVP/Vitis_IP_MAC/Vitis_IP_MAC/Debug/Vitis_IP_MAC.elf' is downloaded to processor 'ps7_cortexa9_0'.
18:03:25 INFO  : 'configparams force-mem-access 0' command is executed.
18:03:25 INFO  : ----------------XSDB Script----------------
connect -url tcp:127.0.0.1:3121
targets -set -nocase -filter {name =~"APU*"}
rst -system
after 3000
targets -set -filter {jtag_cable_name =~ "Digilent JTAG-SMT1 210203A7D855A" && level==0 && jtag_device_ctx=="jsn-JTAG-SMT1-210203A7D855A-23727093-0"}
fpga -file C:/Users/Taimoor/Desktop/SIVP/Vitis_IP_MAC/Vitis_IP_MAC/_ide/bitstream/IP_MAC_BD_wrapper.bit
targets -set -nocase -filter {name =~"APU*"}
loadhw -hw C:/Users/Taimoor/Desktop/SIVP/Vitis_IP_MAC/IP_MAC_BD_wrapper/export/IP_MAC_BD_wrapper/hw/IP_MAC_BD_wrapper.xsa -mem-ranges [list {0x40000000 0xbfffffff}] -regs
configparams force-mem-access 1
targets -set -nocase -filter {name =~"APU*"}
source C:/Users/Taimoor/Desktop/SIVP/Vitis_IP_MAC/Vitis_IP_MAC/_ide/psinit/ps7_init.tcl
ps7_init
ps7_post_config
targets -set -nocase -filter {name =~ "*A9*#0"}
dow C:/Users/Taimoor/Desktop/SIVP/Vitis_IP_MAC/Vitis_IP_MAC/Debug/Vitis_IP_MAC.elf
configparams force-mem-access 0
----------------End of Script----------------

18:03:25 INFO  : Context for processor 'ps7_cortexa9_0' is selected.
18:03:25 INFO  : 'con' command is executed.
18:03:25 INFO  : ----------------XSDB Script (After Launch)----------------
targets -set -nocase -filter {name =~ "*A9*#0"}
con
----------------End of Script----------------

18:03:25 INFO  : Launch script is exported to file 'C:\Users\Taimoor\Desktop\SIVP\Vitis_IP_MAC\Vitis_IP_MAC_system\_ide\scripts\debugger_vitis_ip_mac-default.tcl'
20:39:46 INFO  : Disconnected from the channel tcfchan#18.
15:00:34 INFO  : Launching XSCT server: xsct.bat -n  -interactive C:\Users\Taimoor\Desktop\SIVP\Vitis_IP_MAC\temp_xsdb_launch_script.tcl
15:00:36 INFO  : XSCT server has started successfully.
15:00:36 INFO  : Successfully done setting XSCT server connection channel  
15:00:36 INFO  : plnx-install-location is set to ''
15:00:36 INFO  : Successfully done setting workspace for the tool. 
15:00:41 INFO  : Platform repository initialization has completed.
15:00:42 INFO  : Registering command handlers for Vitis TCF services
15:00:48 INFO  : Successfully done query RDI_DATADIR 
15:02:09 INFO  : Result from executing command 'getProjects': IP_MAC_BD_wrapper
15:02:09 INFO  : Result from executing command 'getPlatforms': IP_MAC_BD_wrapper|C:/Users/Taimoor/Desktop/SIVP/Vitis_IP_MAC/IP_MAC_BD_wrapper/export/IP_MAC_BD_wrapper/IP_MAC_BD_wrapper.xpfm
15:02:09 INFO  : Checking for BSP changes to sync application flags for project 'Vitis_IP_MAC'...
15:02:28 INFO  : Connected to target on host '127.0.0.1' and port '3121'.
15:02:29 INFO  : Jtag cable 'Digilent JTAG-SMT1 210203A7D855A' is selected.
15:02:29 INFO  : 'jtag frequency' command is executed.
15:02:29 INFO  : Context for 'APU' is selected.
15:02:29 INFO  : System reset is completed.
15:02:32 INFO  : 'after 3000' command is executed.
15:02:32 INFO  : 'targets -set -filter {jtag_cable_name =~ "Digilent JTAG-SMT1 210203A7D855A" && level==0 && jtag_device_ctx=="jsn-JTAG-SMT1-210203A7D855A-23727093-0"}' command is executed.
15:02:35 INFO  : Device configured successfully with "C:/Users/Taimoor/Desktop/SIVP/Vitis_IP_MAC/Vitis_IP_MAC/_ide/bitstream/IP_MAC_BD_wrapper.bit"
15:02:35 INFO  : Context for 'APU' is selected.
15:02:35 INFO  : Hardware design and registers information is loaded from 'C:/Users/Taimoor/Desktop/SIVP/Vitis_IP_MAC/IP_MAC_BD_wrapper/export/IP_MAC_BD_wrapper/hw/IP_MAC_BD_wrapper.xsa'.
15:02:35 INFO  : 'configparams force-mem-access 1' command is executed.
15:02:35 INFO  : Context for 'APU' is selected.
15:02:35 INFO  : Sourcing of 'C:/Users/Taimoor/Desktop/SIVP/Vitis_IP_MAC/Vitis_IP_MAC/_ide/psinit/ps7_init.tcl' is done.
15:02:35 INFO  : 'ps7_init' command is executed.
15:02:35 INFO  : 'ps7_post_config' command is executed.
15:02:35 INFO  : Context for processor 'ps7_cortexa9_0' is selected.
15:02:38 INFO  : The application 'C:/Users/Taimoor/Desktop/SIVP/Vitis_IP_MAC/Vitis_IP_MAC/Debug/Vitis_IP_MAC.elf' is downloaded to processor 'ps7_cortexa9_0'.
15:02:38 INFO  : 'configparams force-mem-access 0' command is executed.
15:02:38 INFO  : ----------------XSDB Script----------------
connect -url tcp:127.0.0.1:3121
targets -set -nocase -filter {name =~"APU*"}
rst -system
after 3000
targets -set -filter {jtag_cable_name =~ "Digilent JTAG-SMT1 210203A7D855A" && level==0 && jtag_device_ctx=="jsn-JTAG-SMT1-210203A7D855A-23727093-0"}
fpga -file C:/Users/Taimoor/Desktop/SIVP/Vitis_IP_MAC/Vitis_IP_MAC/_ide/bitstream/IP_MAC_BD_wrapper.bit
targets -set -nocase -filter {name =~"APU*"}
loadhw -hw C:/Users/Taimoor/Desktop/SIVP/Vitis_IP_MAC/IP_MAC_BD_wrapper/export/IP_MAC_BD_wrapper/hw/IP_MAC_BD_wrapper.xsa -mem-ranges [list {0x40000000 0xbfffffff}] -regs
configparams force-mem-access 1
targets -set -nocase -filter {name =~"APU*"}
source C:/Users/Taimoor/Desktop/SIVP/Vitis_IP_MAC/Vitis_IP_MAC/_ide/psinit/ps7_init.tcl
ps7_init
ps7_post_config
targets -set -nocase -filter {name =~ "*A9*#0"}
dow C:/Users/Taimoor/Desktop/SIVP/Vitis_IP_MAC/Vitis_IP_MAC/Debug/Vitis_IP_MAC.elf
configparams force-mem-access 0
----------------End of Script----------------

15:02:38 INFO  : Context for processor 'ps7_cortexa9_0' is selected.
15:02:38 INFO  : 'con' command is executed.
15:02:38 INFO  : ----------------XSDB Script (After Launch)----------------
targets -set -nocase -filter {name =~ "*A9*#0"}
con
----------------End of Script----------------

15:02:38 INFO  : Launch script is exported to file 'C:\Users\Taimoor\Desktop\SIVP\Vitis_IP_MAC\Vitis_IP_MAC_system\_ide\scripts\debugger_vitis_ip_mac-default.tcl'
15:04:52 INFO  : Disconnected from the channel tcfchan#2.
15:04:53 INFO  : Connected to target on host '127.0.0.1' and port '3121'.
15:04:53 INFO  : Jtag cable 'Digilent JTAG-SMT1 210203A7D855A' is selected.
15:04:53 INFO  : 'jtag frequency' command is executed.
15:04:53 INFO  : Context for 'APU' is selected.
15:04:53 INFO  : System reset is completed.
15:04:56 INFO  : 'after 3000' command is executed.
15:04:56 INFO  : 'targets -set -filter {jtag_cable_name =~ "Digilent JTAG-SMT1 210203A7D855A" && level==0 && jtag_device_ctx=="jsn-JTAG-SMT1-210203A7D855A-23727093-0"}' command is executed.
15:04:59 INFO  : Device configured successfully with "C:/Users/Taimoor/Desktop/SIVP/Vitis_IP_MAC/Vitis_IP_MAC/_ide/bitstream/IP_MAC_BD_wrapper.bit"
15:04:59 INFO  : Context for 'APU' is selected.
15:04:59 INFO  : Hardware design and registers information is loaded from 'C:/Users/Taimoor/Desktop/SIVP/Vitis_IP_MAC/IP_MAC_BD_wrapper/export/IP_MAC_BD_wrapper/hw/IP_MAC_BD_wrapper.xsa'.
15:04:59 INFO  : 'configparams force-mem-access 1' command is executed.
15:04:59 INFO  : Context for 'APU' is selected.
15:04:59 INFO  : Sourcing of 'C:/Users/Taimoor/Desktop/SIVP/Vitis_IP_MAC/Vitis_IP_MAC/_ide/psinit/ps7_init.tcl' is done.
15:04:59 INFO  : 'ps7_init' command is executed.
15:04:59 INFO  : 'ps7_post_config' command is executed.
15:04:59 INFO  : Context for processor 'ps7_cortexa9_0' is selected.
15:05:01 INFO  : The application 'C:/Users/Taimoor/Desktop/SIVP/Vitis_IP_MAC/Vitis_IP_MAC/Debug/Vitis_IP_MAC.elf' is downloaded to processor 'ps7_cortexa9_0'.
15:05:01 INFO  : 'configparams force-mem-access 0' command is executed.
15:05:01 INFO  : ----------------XSDB Script----------------
connect -url tcp:127.0.0.1:3121
targets -set -nocase -filter {name =~"APU*"}
rst -system
after 3000
targets -set -filter {jtag_cable_name =~ "Digilent JTAG-SMT1 210203A7D855A" && level==0 && jtag_device_ctx=="jsn-JTAG-SMT1-210203A7D855A-23727093-0"}
fpga -file C:/Users/Taimoor/Desktop/SIVP/Vitis_IP_MAC/Vitis_IP_MAC/_ide/bitstream/IP_MAC_BD_wrapper.bit
targets -set -nocase -filter {name =~"APU*"}
loadhw -hw C:/Users/Taimoor/Desktop/SIVP/Vitis_IP_MAC/IP_MAC_BD_wrapper/export/IP_MAC_BD_wrapper/hw/IP_MAC_BD_wrapper.xsa -mem-ranges [list {0x40000000 0xbfffffff}] -regs
configparams force-mem-access 1
targets -set -nocase -filter {name =~"APU*"}
source C:/Users/Taimoor/Desktop/SIVP/Vitis_IP_MAC/Vitis_IP_MAC/_ide/psinit/ps7_init.tcl
ps7_init
ps7_post_config
targets -set -nocase -filter {name =~ "*A9*#0"}
dow C:/Users/Taimoor/Desktop/SIVP/Vitis_IP_MAC/Vitis_IP_MAC/Debug/Vitis_IP_MAC.elf
configparams force-mem-access 0
----------------End of Script----------------

15:05:02 INFO  : Context for processor 'ps7_cortexa9_0' is selected.
15:05:02 INFO  : 'con' command is executed.
15:05:02 INFO  : ----------------XSDB Script (After Launch)----------------
targets -set -nocase -filter {name =~ "*A9*#0"}
con
----------------End of Script----------------

15:05:02 INFO  : Launch script is exported to file 'C:\Users\Taimoor\Desktop\SIVP\Vitis_IP_MAC\Vitis_IP_MAC_system\_ide\scripts\debugger_vitis_ip_mac-default.tcl'
15:07:06 INFO  : Checking for BSP changes to sync application flags for project 'Vitis_IP_MAC'...
15:07:06 ERROR : Failed to openhw "C:/Users/Taimoor/Desktop/SIVP/Vitis_IP_MAC/IP_MAC_BD_wrapper/export/IP_MAC_BD_wrapper/hw/IP_MAC_BD_wrapper.xsa"
Reason: ERROR: [Common 17-39] 'hsi::open_hw_design' failed due to earlier errors.

15:07:06 ERROR : Failed to update application flags from BSP for 'Vitis_IP_MAC'. Reason: null
java.lang.NullPointerException
	at com.xilinx.sdx.sw.internal.SDxSwPlatform.<init>(SDxSwPlatform.java:305)
	at com.xilinx.sdx.sw.internal.SDxSwPlatform.create(SDxSwPlatform.java:214)
	at com.xilinx.sdx.sdk.core.util.SdkPlatformHelper.getSwPlatform(SdkPlatformHelper.java:61)
	at com.xilinx.sdx.sdk.core.build.SdkMakefileGenerationListener.getSwPlatform(SdkMakefileGenerationListener.java:160)
	at com.xilinx.sdx.sdk.core.build.SdkMakefileGenerationListener.syncAppFlags(SdkMakefileGenerationListener.java:78)
	at com.xilinx.sdx.sdk.core.build.SdkMakefileGenerationListener.preMakefileGeneration(SdkMakefileGenerationListener.java:48)
	at com.xilinx.sdk.managedbuilder.XilinxGnuMakefileGenerator.notifyPreMakefileGenerationListeners(XilinxGnuMakefileGenerator.java:91)
	at com.xilinx.sdk.managedbuilder.XilinxGnuMakefileGenerator.generateMakefiles(XilinxGnuMakefileGenerator.java:40)
	at org.eclipse.cdt.managedbuilder.internal.core.CommonBuilder.performMakefileGeneration(CommonBuilder.java:1008)
	at org.eclipse.cdt.managedbuilder.internal.core.CommonBuilder.performPrebuildGeneration(CommonBuilder.java:873)
	at org.eclipse.cdt.managedbuilder.internal.core.CommonBuilder.build(CommonBuilder.java:748)
	at org.eclipse.cdt.managedbuilder.internal.core.CommonBuilder.build(CommonBuilder.java:510)
	at org.eclipse.cdt.managedbuilder.internal.core.CommonBuilder.build(CommonBuilder.java:459)
	at org.eclipse.core.internal.events.BuildManager$2.run(BuildManager.java:832)
	at org.eclipse.core.runtime.SafeRunner.run(SafeRunner.java:45)
	at org.eclipse.core.internal.events.BuildManager.basicBuild(BuildManager.java:220)
	at org.eclipse.core.internal.events.BuildManager.basicBuild(BuildManager.java:263)
	at org.eclipse.core.internal.events.BuildManager$1.run(BuildManager.java:316)
	at org.eclipse.core.runtime.SafeRunner.run(SafeRunner.java:45)
	at org.eclipse.core.internal.events.BuildManager.basicBuild(BuildManager.java:319)
	at org.eclipse.core.internal.events.BuildManager.basicBuildLoop(BuildManager.java:371)
	at org.eclipse.core.internal.events.BuildManager.build(BuildManager.java:392)
	at org.eclipse.core.internal.resources.Workspace.buildInternal(Workspace.java:515)
	at org.eclipse.core.internal.resources.Workspace.build(Workspace.java:412)
	at org.eclipse.ui.actions.BuildAction$1.runInWorkspace(BuildAction.java:291)
	at org.eclipse.core.internal.resources.InternalWorkspaceJob.run(InternalWorkspaceJob.java:42)
	at org.eclipse.core.internal.jobs.Worker.run(Worker.java:63)
15:10:57 INFO  : Hardware specification for platform project 'IP_MAC_BD_wrapper' is updated.
15:13:06 INFO  : Result from executing command 'getProjects': IP_MAC_BD_wrapper
15:13:07 INFO  : Result from executing command 'getPlatforms': IP_MAC_BD_wrapper|C:/Users/Taimoor/Desktop/SIVP/Vitis_IP_MAC/IP_MAC_BD_wrapper/export/IP_MAC_BD_wrapper/IP_MAC_BD_wrapper.xpfm
15:13:11 INFO  : Checking for BSP changes to sync application flags for project 'Vitis_IP_MAC'...
15:13:36 INFO  : Disconnected from the channel tcfchan#3.
15:13:37 INFO  : The hardware specfication used by project 'Vitis_IP_MAC' is out of sync with the platform. Resource files extracted from the hardware specfiication will be updated.
15:13:37 INFO  : The file 'C:\Users\Taimoor\Desktop\SIVP\Vitis_IP_MAC\Vitis_IP_MAC\_ide\bitstream\IP_MAC_BD_wrapper.bit' stored in project is removed.
15:13:37 INFO  : The updated bitstream files are copied from platform to folder 'C:\Users\Taimoor\Desktop\SIVP\Vitis_IP_MAC\Vitis_IP_MAC\_ide\bitstream' in project 'Vitis_IP_MAC'.
15:13:37 INFO  : The file 'C:\Users\Taimoor\Desktop\SIVP\Vitis_IP_MAC\Vitis_IP_MAC\_ide\psinit\ps7_init.tcl' stored in project is removed.
15:13:43 INFO  : The updated ps init files are copied from platform to folder 'C:\Users\Taimoor\Desktop\SIVP\Vitis_IP_MAC\Vitis_IP_MAC\_ide\psinit' in project 'Vitis_IP_MAC'.
15:13:43 INFO  : Connected to target on host '127.0.0.1' and port '3121'.
15:13:44 INFO  : Jtag cable 'Digilent JTAG-SMT1 210203A7D855A' is selected.
15:13:44 INFO  : 'jtag frequency' command is executed.
15:13:44 INFO  : Context for 'APU' is selected.
15:13:44 INFO  : System reset is completed.
15:13:47 INFO  : 'after 3000' command is executed.
15:13:47 INFO  : 'targets -set -filter {jtag_cable_name =~ "Digilent JTAG-SMT1 210203A7D855A" && level==0 && jtag_device_ctx=="jsn-JTAG-SMT1-210203A7D855A-23727093-0"}' command is executed.
15:13:49 INFO  : Device configured successfully with "C:/Users/Taimoor/Desktop/SIVP/Vitis_IP_MAC/Vitis_IP_MAC/_ide/bitstream/IP_MAC_BD_wrapper.bit"
15:13:49 INFO  : Context for 'APU' is selected.
15:13:49 INFO  : Hardware design and registers information is loaded from 'C:/Users/Taimoor/Desktop/SIVP/Vitis_IP_MAC/IP_MAC_BD_wrapper/export/IP_MAC_BD_wrapper/hw/IP_MAC_BD_wrapper.xsa'.
15:13:49 INFO  : 'configparams force-mem-access 1' command is executed.
15:13:49 INFO  : Context for 'APU' is selected.
15:13:49 INFO  : Sourcing of 'C:/Users/Taimoor/Desktop/SIVP/Vitis_IP_MAC/Vitis_IP_MAC/_ide/psinit/ps7_init.tcl' is done.
15:13:50 INFO  : 'ps7_init' command is executed.
15:13:50 INFO  : 'ps7_post_config' command is executed.
15:13:50 INFO  : Context for processor 'ps7_cortexa9_0' is selected.
15:13:52 INFO  : The application 'C:/Users/Taimoor/Desktop/SIVP/Vitis_IP_MAC/Vitis_IP_MAC/Debug/Vitis_IP_MAC.elf' is downloaded to processor 'ps7_cortexa9_0'.
15:13:52 INFO  : 'configparams force-mem-access 0' command is executed.
15:13:52 INFO  : ----------------XSDB Script----------------
connect -url tcp:127.0.0.1:3121
targets -set -nocase -filter {name =~"APU*"}
rst -system
after 3000
targets -set -filter {jtag_cable_name =~ "Digilent JTAG-SMT1 210203A7D855A" && level==0 && jtag_device_ctx=="jsn-JTAG-SMT1-210203A7D855A-23727093-0"}
fpga -file C:/Users/Taimoor/Desktop/SIVP/Vitis_IP_MAC/Vitis_IP_MAC/_ide/bitstream/IP_MAC_BD_wrapper.bit
targets -set -nocase -filter {name =~"APU*"}
loadhw -hw C:/Users/Taimoor/Desktop/SIVP/Vitis_IP_MAC/IP_MAC_BD_wrapper/export/IP_MAC_BD_wrapper/hw/IP_MAC_BD_wrapper.xsa -mem-ranges [list {0x40000000 0xbfffffff}] -regs
configparams force-mem-access 1
targets -set -nocase -filter {name =~"APU*"}
source C:/Users/Taimoor/Desktop/SIVP/Vitis_IP_MAC/Vitis_IP_MAC/_ide/psinit/ps7_init.tcl
ps7_init
ps7_post_config
targets -set -nocase -filter {name =~ "*A9*#0"}
dow C:/Users/Taimoor/Desktop/SIVP/Vitis_IP_MAC/Vitis_IP_MAC/Debug/Vitis_IP_MAC.elf
configparams force-mem-access 0
----------------End of Script----------------

15:13:52 INFO  : Context for processor 'ps7_cortexa9_0' is selected.
15:13:52 INFO  : 'con' command is executed.
15:13:52 INFO  : ----------------XSDB Script (After Launch)----------------
targets -set -nocase -filter {name =~ "*A9*#0"}
con
----------------End of Script----------------

15:13:52 INFO  : Launch script is exported to file 'C:\Users\Taimoor\Desktop\SIVP\Vitis_IP_MAC\Vitis_IP_MAC_system\_ide\scripts\debugger_vitis_ip_mac-default.tcl'
15:16:40 INFO  : Result from executing command 'getProjects': IP_MAC_BD_wrapper
15:16:40 INFO  : Result from executing command 'getPlatforms': IP_MAC_BD_wrapper|C:/Users/Taimoor/Desktop/SIVP/Vitis_IP_MAC/IP_MAC_BD_wrapper/export/IP_MAC_BD_wrapper/IP_MAC_BD_wrapper.xpfm
15:16:44 INFO  : Checking for BSP changes to sync application flags for project 'Vitis_IP_MAC'...
15:16:48 INFO  : Disconnected from the channel tcfchan#10.
15:16:49 INFO  : Connected to target on host '127.0.0.1' and port '3121'.
15:16:49 INFO  : Jtag cable 'Digilent JTAG-SMT1 210203A7D855A' is selected.
15:16:49 INFO  : 'jtag frequency' command is executed.
15:16:49 INFO  : Context for 'APU' is selected.
15:16:49 INFO  : System reset is completed.
15:16:52 INFO  : 'after 3000' command is executed.
15:16:52 INFO  : 'targets -set -filter {jtag_cable_name =~ "Digilent JTAG-SMT1 210203A7D855A" && level==0 && jtag_device_ctx=="jsn-JTAG-SMT1-210203A7D855A-23727093-0"}' command is executed.
15:16:55 INFO  : Device configured successfully with "C:/Users/Taimoor/Desktop/SIVP/Vitis_IP_MAC/Vitis_IP_MAC/_ide/bitstream/IP_MAC_BD_wrapper.bit"
15:16:55 INFO  : Context for 'APU' is selected.
15:16:55 INFO  : Hardware design and registers information is loaded from 'C:/Users/Taimoor/Desktop/SIVP/Vitis_IP_MAC/IP_MAC_BD_wrapper/export/IP_MAC_BD_wrapper/hw/IP_MAC_BD_wrapper.xsa'.
15:16:55 INFO  : 'configparams force-mem-access 1' command is executed.
15:16:55 INFO  : Context for 'APU' is selected.
15:16:55 INFO  : Sourcing of 'C:/Users/Taimoor/Desktop/SIVP/Vitis_IP_MAC/Vitis_IP_MAC/_ide/psinit/ps7_init.tcl' is done.
15:16:55 INFO  : 'ps7_init' command is executed.
15:16:55 INFO  : 'ps7_post_config' command is executed.
15:16:55 INFO  : Context for processor 'ps7_cortexa9_0' is selected.
15:16:57 INFO  : The application 'C:/Users/Taimoor/Desktop/SIVP/Vitis_IP_MAC/Vitis_IP_MAC/Debug/Vitis_IP_MAC.elf' is downloaded to processor 'ps7_cortexa9_0'.
15:16:57 INFO  : 'configparams force-mem-access 0' command is executed.
15:16:57 INFO  : ----------------XSDB Script----------------
connect -url tcp:127.0.0.1:3121
targets -set -nocase -filter {name =~"APU*"}
rst -system
after 3000
targets -set -filter {jtag_cable_name =~ "Digilent JTAG-SMT1 210203A7D855A" && level==0 && jtag_device_ctx=="jsn-JTAG-SMT1-210203A7D855A-23727093-0"}
fpga -file C:/Users/Taimoor/Desktop/SIVP/Vitis_IP_MAC/Vitis_IP_MAC/_ide/bitstream/IP_MAC_BD_wrapper.bit
targets -set -nocase -filter {name =~"APU*"}
loadhw -hw C:/Users/Taimoor/Desktop/SIVP/Vitis_IP_MAC/IP_MAC_BD_wrapper/export/IP_MAC_BD_wrapper/hw/IP_MAC_BD_wrapper.xsa -mem-ranges [list {0x40000000 0xbfffffff}] -regs
configparams force-mem-access 1
targets -set -nocase -filter {name =~"APU*"}
source C:/Users/Taimoor/Desktop/SIVP/Vitis_IP_MAC/Vitis_IP_MAC/_ide/psinit/ps7_init.tcl
ps7_init
ps7_post_config
targets -set -nocase -filter {name =~ "*A9*#0"}
dow C:/Users/Taimoor/Desktop/SIVP/Vitis_IP_MAC/Vitis_IP_MAC/Debug/Vitis_IP_MAC.elf
configparams force-mem-access 0
----------------End of Script----------------

15:16:58 INFO  : Context for processor 'ps7_cortexa9_0' is selected.
15:16:58 INFO  : 'con' command is executed.
15:16:58 INFO  : ----------------XSDB Script (After Launch)----------------
targets -set -nocase -filter {name =~ "*A9*#0"}
con
----------------End of Script----------------

15:16:58 INFO  : Launch script is exported to file 'C:\Users\Taimoor\Desktop\SIVP\Vitis_IP_MAC\Vitis_IP_MAC_system\_ide\scripts\debugger_vitis_ip_mac-default.tcl'
15:28:35 INFO  : Result from executing command 'getProjects': IP_MAC_BD_wrapper
15:28:35 INFO  : Result from executing command 'getPlatforms': IP_MAC_BD_wrapper|C:/Users/Taimoor/Desktop/SIVP/Vitis_IP_MAC/IP_MAC_BD_wrapper/export/IP_MAC_BD_wrapper/IP_MAC_BD_wrapper.xpfm
15:28:43 INFO  : Checking for BSP changes to sync application flags for project 'Vitis_IP_MAC'...
15:28:50 INFO  : Disconnected from the channel tcfchan#12.
15:28:51 INFO  : Connected to target on host '127.0.0.1' and port '3121'.
15:28:52 INFO  : Jtag cable 'Digilent JTAG-SMT1 210203A7D855A' is selected.
15:28:52 INFO  : 'jtag frequency' command is executed.
15:28:52 INFO  : Context for 'APU' is selected.
15:28:52 INFO  : System reset is completed.
15:28:55 INFO  : 'after 3000' command is executed.
15:28:55 INFO  : 'targets -set -filter {jtag_cable_name =~ "Digilent JTAG-SMT1 210203A7D855A" && level==0 && jtag_device_ctx=="jsn-JTAG-SMT1-210203A7D855A-23727093-0"}' command is executed.
15:28:57 INFO  : Device configured successfully with "C:/Users/Taimoor/Desktop/SIVP/Vitis_IP_MAC/Vitis_IP_MAC/_ide/bitstream/IP_MAC_BD_wrapper.bit"
15:28:57 INFO  : Context for 'APU' is selected.
15:28:57 INFO  : Hardware design and registers information is loaded from 'C:/Users/Taimoor/Desktop/SIVP/Vitis_IP_MAC/IP_MAC_BD_wrapper/export/IP_MAC_BD_wrapper/hw/IP_MAC_BD_wrapper.xsa'.
15:28:57 INFO  : 'configparams force-mem-access 1' command is executed.
15:28:57 INFO  : Context for 'APU' is selected.
15:28:57 INFO  : Sourcing of 'C:/Users/Taimoor/Desktop/SIVP/Vitis_IP_MAC/Vitis_IP_MAC/_ide/psinit/ps7_init.tcl' is done.
15:28:57 INFO  : 'ps7_init' command is executed.
15:28:57 INFO  : 'ps7_post_config' command is executed.
15:28:57 INFO  : Context for processor 'ps7_cortexa9_0' is selected.
15:29:00 INFO  : The application 'C:/Users/Taimoor/Desktop/SIVP/Vitis_IP_MAC/Vitis_IP_MAC/Debug/Vitis_IP_MAC.elf' is downloaded to processor 'ps7_cortexa9_0'.
15:29:00 INFO  : 'configparams force-mem-access 0' command is executed.
15:29:00 INFO  : ----------------XSDB Script----------------
connect -url tcp:127.0.0.1:3121
targets -set -nocase -filter {name =~"APU*"}
rst -system
after 3000
targets -set -filter {jtag_cable_name =~ "Digilent JTAG-SMT1 210203A7D855A" && level==0 && jtag_device_ctx=="jsn-JTAG-SMT1-210203A7D855A-23727093-0"}
fpga -file C:/Users/Taimoor/Desktop/SIVP/Vitis_IP_MAC/Vitis_IP_MAC/_ide/bitstream/IP_MAC_BD_wrapper.bit
targets -set -nocase -filter {name =~"APU*"}
loadhw -hw C:/Users/Taimoor/Desktop/SIVP/Vitis_IP_MAC/IP_MAC_BD_wrapper/export/IP_MAC_BD_wrapper/hw/IP_MAC_BD_wrapper.xsa -mem-ranges [list {0x40000000 0xbfffffff}] -regs
configparams force-mem-access 1
targets -set -nocase -filter {name =~"APU*"}
source C:/Users/Taimoor/Desktop/SIVP/Vitis_IP_MAC/Vitis_IP_MAC/_ide/psinit/ps7_init.tcl
ps7_init
ps7_post_config
targets -set -nocase -filter {name =~ "*A9*#0"}
dow C:/Users/Taimoor/Desktop/SIVP/Vitis_IP_MAC/Vitis_IP_MAC/Debug/Vitis_IP_MAC.elf
configparams force-mem-access 0
----------------End of Script----------------

15:29:00 INFO  : Context for processor 'ps7_cortexa9_0' is selected.
15:29:00 INFO  : 'con' command is executed.
15:29:00 INFO  : ----------------XSDB Script (After Launch)----------------
targets -set -nocase -filter {name =~ "*A9*#0"}
con
----------------End of Script----------------

15:29:00 INFO  : Launch script is exported to file 'C:\Users\Taimoor\Desktop\SIVP\Vitis_IP_MAC\Vitis_IP_MAC_system\_ide\scripts\debugger_vitis_ip_mac-default.tcl'
15:35:25 INFO  : Result from executing command 'getProjects': IP_MAC_BD_wrapper
15:35:25 INFO  : Result from executing command 'getPlatforms': IP_MAC_BD_wrapper|C:/Users/Taimoor/Desktop/SIVP/Vitis_IP_MAC/IP_MAC_BD_wrapper/export/IP_MAC_BD_wrapper/IP_MAC_BD_wrapper.xpfm
15:35:34 INFO  : Checking for BSP changes to sync application flags for project 'Vitis_IP_MAC'...
15:35:41 INFO  : Disconnected from the channel tcfchan#14.
15:35:42 INFO  : Connected to target on host '127.0.0.1' and port '3121'.
15:35:42 INFO  : Jtag cable 'Digilent JTAG-SMT1 210203A7D855A' is selected.
15:35:42 INFO  : 'jtag frequency' command is executed.
15:35:42 INFO  : Context for 'APU' is selected.
15:35:42 INFO  : System reset is completed.
15:35:45 INFO  : 'after 3000' command is executed.
15:35:45 INFO  : 'targets -set -filter {jtag_cable_name =~ "Digilent JTAG-SMT1 210203A7D855A" && level==0 && jtag_device_ctx=="jsn-JTAG-SMT1-210203A7D855A-23727093-0"}' command is executed.
15:35:48 INFO  : Device configured successfully with "C:/Users/Taimoor/Desktop/SIVP/Vitis_IP_MAC/Vitis_IP_MAC/_ide/bitstream/IP_MAC_BD_wrapper.bit"
15:35:48 INFO  : Context for 'APU' is selected.
15:35:48 INFO  : Hardware design and registers information is loaded from 'C:/Users/Taimoor/Desktop/SIVP/Vitis_IP_MAC/IP_MAC_BD_wrapper/export/IP_MAC_BD_wrapper/hw/IP_MAC_BD_wrapper.xsa'.
15:35:48 INFO  : 'configparams force-mem-access 1' command is executed.
15:35:48 INFO  : Context for 'APU' is selected.
15:35:48 INFO  : Sourcing of 'C:/Users/Taimoor/Desktop/SIVP/Vitis_IP_MAC/Vitis_IP_MAC/_ide/psinit/ps7_init.tcl' is done.
15:35:48 INFO  : 'ps7_init' command is executed.
15:35:48 INFO  : 'ps7_post_config' command is executed.
15:35:48 INFO  : Context for processor 'ps7_cortexa9_0' is selected.
15:35:50 INFO  : The application 'C:/Users/Taimoor/Desktop/SIVP/Vitis_IP_MAC/Vitis_IP_MAC/Debug/Vitis_IP_MAC.elf' is downloaded to processor 'ps7_cortexa9_0'.
15:35:50 INFO  : 'configparams force-mem-access 0' command is executed.
15:35:50 INFO  : ----------------XSDB Script----------------
connect -url tcp:127.0.0.1:3121
targets -set -nocase -filter {name =~"APU*"}
rst -system
after 3000
targets -set -filter {jtag_cable_name =~ "Digilent JTAG-SMT1 210203A7D855A" && level==0 && jtag_device_ctx=="jsn-JTAG-SMT1-210203A7D855A-23727093-0"}
fpga -file C:/Users/Taimoor/Desktop/SIVP/Vitis_IP_MAC/Vitis_IP_MAC/_ide/bitstream/IP_MAC_BD_wrapper.bit
targets -set -nocase -filter {name =~"APU*"}
loadhw -hw C:/Users/Taimoor/Desktop/SIVP/Vitis_IP_MAC/IP_MAC_BD_wrapper/export/IP_MAC_BD_wrapper/hw/IP_MAC_BD_wrapper.xsa -mem-ranges [list {0x40000000 0xbfffffff}] -regs
configparams force-mem-access 1
targets -set -nocase -filter {name =~"APU*"}
source C:/Users/Taimoor/Desktop/SIVP/Vitis_IP_MAC/Vitis_IP_MAC/_ide/psinit/ps7_init.tcl
ps7_init
ps7_post_config
targets -set -nocase -filter {name =~ "*A9*#0"}
dow C:/Users/Taimoor/Desktop/SIVP/Vitis_IP_MAC/Vitis_IP_MAC/Debug/Vitis_IP_MAC.elf
configparams force-mem-access 0
----------------End of Script----------------

15:35:50 INFO  : Context for processor 'ps7_cortexa9_0' is selected.
15:35:50 INFO  : 'con' command is executed.
15:35:50 INFO  : ----------------XSDB Script (After Launch)----------------
targets -set -nocase -filter {name =~ "*A9*#0"}
con
----------------End of Script----------------

15:35:50 INFO  : Launch script is exported to file 'C:\Users\Taimoor\Desktop\SIVP\Vitis_IP_MAC\Vitis_IP_MAC_system\_ide\scripts\debugger_vitis_ip_mac-default.tcl'
15:40:57 INFO  : Result from executing command 'getProjects': IP_MAC_BD_wrapper
15:40:57 INFO  : Result from executing command 'getPlatforms': IP_MAC_BD_wrapper|C:/Users/Taimoor/Desktop/SIVP/Vitis_IP_MAC/IP_MAC_BD_wrapper/export/IP_MAC_BD_wrapper/IP_MAC_BD_wrapper.xpfm
15:41:06 INFO  : Checking for BSP changes to sync application flags for project 'Vitis_IP_MAC'...
15:41:12 INFO  : Disconnected from the channel tcfchan#17.
15:41:13 INFO  : Connected to target on host '127.0.0.1' and port '3121'.
15:41:14 INFO  : Jtag cable 'Digilent JTAG-SMT1 210203A7D855A' is selected.
15:41:14 INFO  : 'jtag frequency' command is executed.
15:41:14 INFO  : Context for 'APU' is selected.
15:41:14 INFO  : System reset is completed.
15:41:17 INFO  : 'after 3000' command is executed.
15:41:17 INFO  : 'targets -set -filter {jtag_cable_name =~ "Digilent JTAG-SMT1 210203A7D855A" && level==0 && jtag_device_ctx=="jsn-JTAG-SMT1-210203A7D855A-23727093-0"}' command is executed.
15:41:19 INFO  : Device configured successfully with "C:/Users/Taimoor/Desktop/SIVP/Vitis_IP_MAC/Vitis_IP_MAC/_ide/bitstream/IP_MAC_BD_wrapper.bit"
15:41:19 INFO  : Context for 'APU' is selected.
15:41:19 INFO  : Hardware design and registers information is loaded from 'C:/Users/Taimoor/Desktop/SIVP/Vitis_IP_MAC/IP_MAC_BD_wrapper/export/IP_MAC_BD_wrapper/hw/IP_MAC_BD_wrapper.xsa'.
15:41:19 INFO  : 'configparams force-mem-access 1' command is executed.
15:41:19 INFO  : Context for 'APU' is selected.
15:41:19 INFO  : Sourcing of 'C:/Users/Taimoor/Desktop/SIVP/Vitis_IP_MAC/Vitis_IP_MAC/_ide/psinit/ps7_init.tcl' is done.
15:41:20 INFO  : 'ps7_init' command is executed.
15:41:20 INFO  : 'ps7_post_config' command is executed.
15:41:20 INFO  : Context for processor 'ps7_cortexa9_0' is selected.
15:41:22 INFO  : The application 'C:/Users/Taimoor/Desktop/SIVP/Vitis_IP_MAC/Vitis_IP_MAC/Debug/Vitis_IP_MAC.elf' is downloaded to processor 'ps7_cortexa9_0'.
15:41:22 INFO  : 'configparams force-mem-access 0' command is executed.
15:41:22 INFO  : ----------------XSDB Script----------------
connect -url tcp:127.0.0.1:3121
targets -set -nocase -filter {name =~"APU*"}
rst -system
after 3000
targets -set -filter {jtag_cable_name =~ "Digilent JTAG-SMT1 210203A7D855A" && level==0 && jtag_device_ctx=="jsn-JTAG-SMT1-210203A7D855A-23727093-0"}
fpga -file C:/Users/Taimoor/Desktop/SIVP/Vitis_IP_MAC/Vitis_IP_MAC/_ide/bitstream/IP_MAC_BD_wrapper.bit
targets -set -nocase -filter {name =~"APU*"}
loadhw -hw C:/Users/Taimoor/Desktop/SIVP/Vitis_IP_MAC/IP_MAC_BD_wrapper/export/IP_MAC_BD_wrapper/hw/IP_MAC_BD_wrapper.xsa -mem-ranges [list {0x40000000 0xbfffffff}] -regs
configparams force-mem-access 1
targets -set -nocase -filter {name =~"APU*"}
source C:/Users/Taimoor/Desktop/SIVP/Vitis_IP_MAC/Vitis_IP_MAC/_ide/psinit/ps7_init.tcl
ps7_init
ps7_post_config
targets -set -nocase -filter {name =~ "*A9*#0"}
dow C:/Users/Taimoor/Desktop/SIVP/Vitis_IP_MAC/Vitis_IP_MAC/Debug/Vitis_IP_MAC.elf
configparams force-mem-access 0
----------------End of Script----------------

15:41:22 INFO  : Context for processor 'ps7_cortexa9_0' is selected.
15:41:22 INFO  : 'con' command is executed.
15:41:22 INFO  : ----------------XSDB Script (After Launch)----------------
targets -set -nocase -filter {name =~ "*A9*#0"}
con
----------------End of Script----------------

15:41:22 INFO  : Launch script is exported to file 'C:\Users\Taimoor\Desktop\SIVP\Vitis_IP_MAC\Vitis_IP_MAC_system\_ide\scripts\debugger_vitis_ip_mac-default.tcl'
15:44:16 INFO  : Result from executing command 'getProjects': IP_MAC_BD_wrapper
15:44:16 INFO  : Result from executing command 'getPlatforms': IP_MAC_BD_wrapper|C:/Users/Taimoor/Desktop/SIVP/Vitis_IP_MAC/IP_MAC_BD_wrapper/export/IP_MAC_BD_wrapper/IP_MAC_BD_wrapper.xpfm
15:44:20 INFO  : Checking for BSP changes to sync application flags for project 'Vitis_IP_MAC'...
15:44:27 INFO  : Disconnected from the channel tcfchan#19.
15:44:28 INFO  : Connected to target on host '127.0.0.1' and port '3121'.
15:44:28 INFO  : Jtag cable 'Digilent JTAG-SMT1 210203A7D855A' is selected.
15:44:28 INFO  : 'jtag frequency' command is executed.
15:44:28 INFO  : Context for 'APU' is selected.
15:44:28 INFO  : System reset is completed.
15:44:31 INFO  : 'after 3000' command is executed.
15:44:31 INFO  : 'targets -set -filter {jtag_cable_name =~ "Digilent JTAG-SMT1 210203A7D855A" && level==0 && jtag_device_ctx=="jsn-JTAG-SMT1-210203A7D855A-23727093-0"}' command is executed.
15:44:34 INFO  : Device configured successfully with "C:/Users/Taimoor/Desktop/SIVP/Vitis_IP_MAC/Vitis_IP_MAC/_ide/bitstream/IP_MAC_BD_wrapper.bit"
15:44:34 INFO  : Context for 'APU' is selected.
15:44:34 INFO  : Hardware design and registers information is loaded from 'C:/Users/Taimoor/Desktop/SIVP/Vitis_IP_MAC/IP_MAC_BD_wrapper/export/IP_MAC_BD_wrapper/hw/IP_MAC_BD_wrapper.xsa'.
15:44:34 INFO  : 'configparams force-mem-access 1' command is executed.
15:44:34 INFO  : Context for 'APU' is selected.
15:44:34 INFO  : Sourcing of 'C:/Users/Taimoor/Desktop/SIVP/Vitis_IP_MAC/Vitis_IP_MAC/_ide/psinit/ps7_init.tcl' is done.
15:44:34 INFO  : 'ps7_init' command is executed.
15:44:34 INFO  : 'ps7_post_config' command is executed.
15:44:34 INFO  : Context for processor 'ps7_cortexa9_0' is selected.
15:44:36 INFO  : The application 'C:/Users/Taimoor/Desktop/SIVP/Vitis_IP_MAC/Vitis_IP_MAC/Debug/Vitis_IP_MAC.elf' is downloaded to processor 'ps7_cortexa9_0'.
15:44:36 INFO  : 'configparams force-mem-access 0' command is executed.
15:44:36 INFO  : ----------------XSDB Script----------------
connect -url tcp:127.0.0.1:3121
targets -set -nocase -filter {name =~"APU*"}
rst -system
after 3000
targets -set -filter {jtag_cable_name =~ "Digilent JTAG-SMT1 210203A7D855A" && level==0 && jtag_device_ctx=="jsn-JTAG-SMT1-210203A7D855A-23727093-0"}
fpga -file C:/Users/Taimoor/Desktop/SIVP/Vitis_IP_MAC/Vitis_IP_MAC/_ide/bitstream/IP_MAC_BD_wrapper.bit
targets -set -nocase -filter {name =~"APU*"}
loadhw -hw C:/Users/Taimoor/Desktop/SIVP/Vitis_IP_MAC/IP_MAC_BD_wrapper/export/IP_MAC_BD_wrapper/hw/IP_MAC_BD_wrapper.xsa -mem-ranges [list {0x40000000 0xbfffffff}] -regs
configparams force-mem-access 1
targets -set -nocase -filter {name =~"APU*"}
source C:/Users/Taimoor/Desktop/SIVP/Vitis_IP_MAC/Vitis_IP_MAC/_ide/psinit/ps7_init.tcl
ps7_init
ps7_post_config
targets -set -nocase -filter {name =~ "*A9*#0"}
dow C:/Users/Taimoor/Desktop/SIVP/Vitis_IP_MAC/Vitis_IP_MAC/Debug/Vitis_IP_MAC.elf
configparams force-mem-access 0
----------------End of Script----------------

15:44:36 INFO  : Context for processor 'ps7_cortexa9_0' is selected.
15:44:36 INFO  : 'con' command is executed.
15:44:36 INFO  : ----------------XSDB Script (After Launch)----------------
targets -set -nocase -filter {name =~ "*A9*#0"}
con
----------------End of Script----------------

15:44:36 INFO  : Launch script is exported to file 'C:\Users\Taimoor\Desktop\SIVP\Vitis_IP_MAC\Vitis_IP_MAC_system\_ide\scripts\debugger_vitis_ip_mac-default.tcl'
16:41:50 INFO  : Disconnected from the channel tcfchan#21.
16:41:51 INFO  : Connected to target on host '127.0.0.1' and port '3121'.
16:41:52 INFO  : Jtag cable 'Digilent JTAG-SMT1 210203A7D855A' is selected.
16:41:52 INFO  : 'jtag frequency' command is executed.
16:41:52 INFO  : Context for 'APU' is selected.
16:41:52 INFO  : System reset is completed.
16:41:55 INFO  : 'after 3000' command is executed.
16:41:55 INFO  : 'targets -set -filter {jtag_cable_name =~ "Digilent JTAG-SMT1 210203A7D855A" && level==0 && jtag_device_ctx=="jsn-JTAG-SMT1-210203A7D855A-23727093-0"}' command is executed.
16:41:57 INFO  : Device configured successfully with "C:/Users/Taimoor/Desktop/SIVP/Vitis_IP_MAC/Vitis_IP_MAC/_ide/bitstream/IP_MAC_BD_wrapper.bit"
16:41:57 INFO  : Context for 'APU' is selected.
16:41:57 INFO  : Hardware design and registers information is loaded from 'C:/Users/Taimoor/Desktop/SIVP/Vitis_IP_MAC/IP_MAC_BD_wrapper/export/IP_MAC_BD_wrapper/hw/IP_MAC_BD_wrapper.xsa'.
16:41:57 INFO  : 'configparams force-mem-access 1' command is executed.
16:41:57 INFO  : Context for 'APU' is selected.
16:41:57 INFO  : Sourcing of 'C:/Users/Taimoor/Desktop/SIVP/Vitis_IP_MAC/Vitis_IP_MAC/_ide/psinit/ps7_init.tcl' is done.
16:41:57 INFO  : 'ps7_init' command is executed.
16:41:57 INFO  : 'ps7_post_config' command is executed.
16:41:58 INFO  : Context for processor 'ps7_cortexa9_0' is selected.
16:42:00 INFO  : The application 'C:/Users/Taimoor/Desktop/SIVP/Vitis_IP_MAC/Vitis_IP_MAC/Debug/Vitis_IP_MAC.elf' is downloaded to processor 'ps7_cortexa9_0'.
16:42:00 INFO  : 'configparams force-mem-access 0' command is executed.
16:42:00 INFO  : ----------------XSDB Script----------------
connect -url tcp:127.0.0.1:3121
targets -set -nocase -filter {name =~"APU*"}
rst -system
after 3000
targets -set -filter {jtag_cable_name =~ "Digilent JTAG-SMT1 210203A7D855A" && level==0 && jtag_device_ctx=="jsn-JTAG-SMT1-210203A7D855A-23727093-0"}
fpga -file C:/Users/Taimoor/Desktop/SIVP/Vitis_IP_MAC/Vitis_IP_MAC/_ide/bitstream/IP_MAC_BD_wrapper.bit
targets -set -nocase -filter {name =~"APU*"}
loadhw -hw C:/Users/Taimoor/Desktop/SIVP/Vitis_IP_MAC/IP_MAC_BD_wrapper/export/IP_MAC_BD_wrapper/hw/IP_MAC_BD_wrapper.xsa -mem-ranges [list {0x40000000 0xbfffffff}] -regs
configparams force-mem-access 1
targets -set -nocase -filter {name =~"APU*"}
source C:/Users/Taimoor/Desktop/SIVP/Vitis_IP_MAC/Vitis_IP_MAC/_ide/psinit/ps7_init.tcl
ps7_init
ps7_post_config
targets -set -nocase -filter {name =~ "*A9*#0"}
dow C:/Users/Taimoor/Desktop/SIVP/Vitis_IP_MAC/Vitis_IP_MAC/Debug/Vitis_IP_MAC.elf
configparams force-mem-access 0
----------------End of Script----------------

16:42:00 INFO  : Context for processor 'ps7_cortexa9_0' is selected.
16:42:00 INFO  : 'con' command is executed.
16:42:00 INFO  : ----------------XSDB Script (After Launch)----------------
targets -set -nocase -filter {name =~ "*A9*#0"}
con
----------------End of Script----------------

16:42:00 INFO  : Launch script is exported to file 'C:\Users\Taimoor\Desktop\SIVP\Vitis_IP_MAC\Vitis_IP_MAC_system\_ide\scripts\debugger_vitis_ip_mac-default.tcl'
16:45:01 INFO  : Disconnected from the channel tcfchan#22.
16:45:02 INFO  : Connected to target on host '127.0.0.1' and port '3121'.
16:45:03 INFO  : Jtag cable 'Digilent JTAG-SMT1 210203A7D855A' is selected.
16:45:03 INFO  : 'jtag frequency' command is executed.
16:45:03 INFO  : Context for 'APU' is selected.
16:45:03 INFO  : System reset is completed.
16:45:06 INFO  : 'after 3000' command is executed.
16:45:06 INFO  : 'targets -set -filter {jtag_cable_name =~ "Digilent JTAG-SMT1 210203A7D855A" && level==0 && jtag_device_ctx=="jsn-JTAG-SMT1-210203A7D855A-23727093-0"}' command is executed.
16:45:08 INFO  : Device configured successfully with "C:/Users/Taimoor/Desktop/SIVP/Vitis_IP_MAC/Vitis_IP_MAC/_ide/bitstream/IP_MAC_BD_wrapper.bit"
16:45:08 INFO  : Context for 'APU' is selected.
16:45:08 INFO  : Hardware design and registers information is loaded from 'C:/Users/Taimoor/Desktop/SIVP/Vitis_IP_MAC/IP_MAC_BD_wrapper/export/IP_MAC_BD_wrapper/hw/IP_MAC_BD_wrapper.xsa'.
16:45:08 INFO  : 'configparams force-mem-access 1' command is executed.
16:45:08 INFO  : Context for 'APU' is selected.
16:45:08 INFO  : Sourcing of 'C:/Users/Taimoor/Desktop/SIVP/Vitis_IP_MAC/Vitis_IP_MAC/_ide/psinit/ps7_init.tcl' is done.
16:45:08 INFO  : 'ps7_init' command is executed.
16:45:08 INFO  : 'ps7_post_config' command is executed.
16:45:08 INFO  : Context for processor 'ps7_cortexa9_0' is selected.
16:45:11 INFO  : The application 'C:/Users/Taimoor/Desktop/SIVP/Vitis_IP_MAC/Vitis_IP_MAC/Debug/Vitis_IP_MAC.elf' is downloaded to processor 'ps7_cortexa9_0'.
16:45:11 INFO  : 'configparams force-mem-access 0' command is executed.
16:45:11 INFO  : ----------------XSDB Script----------------
connect -url tcp:127.0.0.1:3121
targets -set -nocase -filter {name =~"APU*"}
rst -system
after 3000
targets -set -filter {jtag_cable_name =~ "Digilent JTAG-SMT1 210203A7D855A" && level==0 && jtag_device_ctx=="jsn-JTAG-SMT1-210203A7D855A-23727093-0"}
fpga -file C:/Users/Taimoor/Desktop/SIVP/Vitis_IP_MAC/Vitis_IP_MAC/_ide/bitstream/IP_MAC_BD_wrapper.bit
targets -set -nocase -filter {name =~"APU*"}
loadhw -hw C:/Users/Taimoor/Desktop/SIVP/Vitis_IP_MAC/IP_MAC_BD_wrapper/export/IP_MAC_BD_wrapper/hw/IP_MAC_BD_wrapper.xsa -mem-ranges [list {0x40000000 0xbfffffff}] -regs
configparams force-mem-access 1
targets -set -nocase -filter {name =~"APU*"}
source C:/Users/Taimoor/Desktop/SIVP/Vitis_IP_MAC/Vitis_IP_MAC/_ide/psinit/ps7_init.tcl
ps7_init
ps7_post_config
targets -set -nocase -filter {name =~ "*A9*#0"}
dow C:/Users/Taimoor/Desktop/SIVP/Vitis_IP_MAC/Vitis_IP_MAC/Debug/Vitis_IP_MAC.elf
configparams force-mem-access 0
----------------End of Script----------------

16:45:11 INFO  : Context for processor 'ps7_cortexa9_0' is selected.
16:45:11 INFO  : 'con' command is executed.
16:45:11 INFO  : ----------------XSDB Script (After Launch)----------------
targets -set -nocase -filter {name =~ "*A9*#0"}
con
----------------End of Script----------------

16:45:11 INFO  : Launch script is exported to file 'C:\Users\Taimoor\Desktop\SIVP\Vitis_IP_MAC\Vitis_IP_MAC_system\_ide\scripts\debugger_vitis_ip_mac-default.tcl'
16:51:43 INFO  : Result from executing command 'getProjects': IP_MAC_BD_wrapper
16:51:43 INFO  : Result from executing command 'getPlatforms': IP_MAC_BD_wrapper|C:/Users/Taimoor/Desktop/SIVP/Vitis_IP_MAC/IP_MAC_BD_wrapper/export/IP_MAC_BD_wrapper/IP_MAC_BD_wrapper.xpfm
16:59:05 INFO  : Checking for BSP changes to sync application flags for project 'Vitis_IP_MAC'...
16:59:14 INFO  : Disconnected from the channel tcfchan#23.
16:59:15 INFO  : Connected to target on host '127.0.0.1' and port '3121'.
16:59:15 INFO  : Jtag cable 'Digilent JTAG-SMT1 210203A7D855A' is selected.
16:59:15 INFO  : 'jtag frequency' command is executed.
16:59:15 INFO  : Context for 'APU' is selected.
16:59:15 INFO  : System reset is completed.
16:59:18 INFO  : 'after 3000' command is executed.
16:59:18 INFO  : 'targets -set -filter {jtag_cable_name =~ "Digilent JTAG-SMT1 210203A7D855A" && level==0 && jtag_device_ctx=="jsn-JTAG-SMT1-210203A7D855A-23727093-0"}' command is executed.
16:59:20 INFO  : Device configured successfully with "C:/Users/Taimoor/Desktop/SIVP/Vitis_IP_MAC/Vitis_IP_MAC/_ide/bitstream/IP_MAC_BD_wrapper.bit"
16:59:20 INFO  : Context for 'APU' is selected.
16:59:20 INFO  : Hardware design and registers information is loaded from 'C:/Users/Taimoor/Desktop/SIVP/Vitis_IP_MAC/IP_MAC_BD_wrapper/export/IP_MAC_BD_wrapper/hw/IP_MAC_BD_wrapper.xsa'.
16:59:20 INFO  : 'configparams force-mem-access 1' command is executed.
16:59:20 INFO  : Context for 'APU' is selected.
16:59:20 INFO  : Sourcing of 'C:/Users/Taimoor/Desktop/SIVP/Vitis_IP_MAC/Vitis_IP_MAC/_ide/psinit/ps7_init.tcl' is done.
16:59:21 INFO  : 'ps7_init' command is executed.
16:59:21 INFO  : 'ps7_post_config' command is executed.
16:59:21 INFO  : Context for processor 'ps7_cortexa9_0' is selected.
16:59:23 INFO  : The application 'C:/Users/Taimoor/Desktop/SIVP/Vitis_IP_MAC/Vitis_IP_MAC/Debug/Vitis_IP_MAC.elf' is downloaded to processor 'ps7_cortexa9_0'.
16:59:23 INFO  : 'configparams force-mem-access 0' command is executed.
16:59:23 INFO  : ----------------XSDB Script----------------
connect -url tcp:127.0.0.1:3121
targets -set -nocase -filter {name =~"APU*"}
rst -system
after 3000
targets -set -filter {jtag_cable_name =~ "Digilent JTAG-SMT1 210203A7D855A" && level==0 && jtag_device_ctx=="jsn-JTAG-SMT1-210203A7D855A-23727093-0"}
fpga -file C:/Users/Taimoor/Desktop/SIVP/Vitis_IP_MAC/Vitis_IP_MAC/_ide/bitstream/IP_MAC_BD_wrapper.bit
targets -set -nocase -filter {name =~"APU*"}
loadhw -hw C:/Users/Taimoor/Desktop/SIVP/Vitis_IP_MAC/IP_MAC_BD_wrapper/export/IP_MAC_BD_wrapper/hw/IP_MAC_BD_wrapper.xsa -mem-ranges [list {0x40000000 0xbfffffff}] -regs
configparams force-mem-access 1
targets -set -nocase -filter {name =~"APU*"}
source C:/Users/Taimoor/Desktop/SIVP/Vitis_IP_MAC/Vitis_IP_MAC/_ide/psinit/ps7_init.tcl
ps7_init
ps7_post_config
targets -set -nocase -filter {name =~ "*A9*#0"}
dow C:/Users/Taimoor/Desktop/SIVP/Vitis_IP_MAC/Vitis_IP_MAC/Debug/Vitis_IP_MAC.elf
configparams force-mem-access 0
----------------End of Script----------------

16:59:23 INFO  : Context for processor 'ps7_cortexa9_0' is selected.
16:59:23 INFO  : 'con' command is executed.
16:59:23 INFO  : ----------------XSDB Script (After Launch)----------------
targets -set -nocase -filter {name =~ "*A9*#0"}
con
----------------End of Script----------------

16:59:23 INFO  : Launch script is exported to file 'C:\Users\Taimoor\Desktop\SIVP\Vitis_IP_MAC\Vitis_IP_MAC_system\_ide\scripts\debugger_vitis_ip_mac-default.tcl'
17:04:29 INFO  : Disconnected from the channel tcfchan#26.
17:04:30 INFO  : Connected to target on host '127.0.0.1' and port '3121'.
17:04:30 INFO  : Jtag cable 'Digilent JTAG-SMT1 210203A7D855A' is selected.
17:04:30 INFO  : 'jtag frequency' command is executed.
17:04:30 INFO  : Context for 'APU' is selected.
17:04:30 INFO  : System reset is completed.
17:04:33 INFO  : 'after 3000' command is executed.
17:04:33 INFO  : 'targets -set -filter {jtag_cable_name =~ "Digilent JTAG-SMT1 210203A7D855A" && level==0 && jtag_device_ctx=="jsn-JTAG-SMT1-210203A7D855A-23727093-0"}' command is executed.
17:04:35 INFO  : Device configured successfully with "C:/Users/Taimoor/Desktop/SIVP/Vitis_IP_MAC/Vitis_IP_MAC/_ide/bitstream/IP_MAC_BD_wrapper.bit"
17:04:35 INFO  : Context for 'APU' is selected.
17:04:35 INFO  : Hardware design and registers information is loaded from 'C:/Users/Taimoor/Desktop/SIVP/Vitis_IP_MAC/IP_MAC_BD_wrapper/export/IP_MAC_BD_wrapper/hw/IP_MAC_BD_wrapper.xsa'.
17:04:35 INFO  : 'configparams force-mem-access 1' command is executed.
17:04:35 INFO  : Context for 'APU' is selected.
17:04:35 INFO  : Sourcing of 'C:/Users/Taimoor/Desktop/SIVP/Vitis_IP_MAC/Vitis_IP_MAC/_ide/psinit/ps7_init.tcl' is done.
17:04:36 INFO  : 'ps7_init' command is executed.
17:04:36 INFO  : 'ps7_post_config' command is executed.
17:04:36 INFO  : Context for processor 'ps7_cortexa9_0' is selected.
17:04:38 INFO  : The application 'C:/Users/Taimoor/Desktop/SIVP/Vitis_IP_MAC/Vitis_IP_MAC/Debug/Vitis_IP_MAC.elf' is downloaded to processor 'ps7_cortexa9_0'.
17:04:38 INFO  : 'configparams force-mem-access 0' command is executed.
17:04:38 INFO  : ----------------XSDB Script----------------
connect -url tcp:127.0.0.1:3121
targets -set -nocase -filter {name =~"APU*"}
rst -system
after 3000
targets -set -filter {jtag_cable_name =~ "Digilent JTAG-SMT1 210203A7D855A" && level==0 && jtag_device_ctx=="jsn-JTAG-SMT1-210203A7D855A-23727093-0"}
fpga -file C:/Users/Taimoor/Desktop/SIVP/Vitis_IP_MAC/Vitis_IP_MAC/_ide/bitstream/IP_MAC_BD_wrapper.bit
targets -set -nocase -filter {name =~"APU*"}
loadhw -hw C:/Users/Taimoor/Desktop/SIVP/Vitis_IP_MAC/IP_MAC_BD_wrapper/export/IP_MAC_BD_wrapper/hw/IP_MAC_BD_wrapper.xsa -mem-ranges [list {0x40000000 0xbfffffff}] -regs
configparams force-mem-access 1
targets -set -nocase -filter {name =~"APU*"}
source C:/Users/Taimoor/Desktop/SIVP/Vitis_IP_MAC/Vitis_IP_MAC/_ide/psinit/ps7_init.tcl
ps7_init
ps7_post_config
targets -set -nocase -filter {name =~ "*A9*#0"}
dow C:/Users/Taimoor/Desktop/SIVP/Vitis_IP_MAC/Vitis_IP_MAC/Debug/Vitis_IP_MAC.elf
configparams force-mem-access 0
----------------End of Script----------------

17:04:38 INFO  : Context for processor 'ps7_cortexa9_0' is selected.
17:04:38 INFO  : 'con' command is executed.
17:04:38 INFO  : ----------------XSDB Script (After Launch)----------------
targets -set -nocase -filter {name =~ "*A9*#0"}
con
----------------End of Script----------------

17:04:38 INFO  : Launch script is exported to file 'C:\Users\Taimoor\Desktop\SIVP\Vitis_IP_MAC\Vitis_IP_MAC_system\_ide\scripts\debugger_vitis_ip_mac-default.tcl'
23:53:07 INFO  : Disconnected from the channel tcfchan#27.
16:13:27 INFO  : Launching XSCT server: xsct.bat -n  -interactive C:\Users\Taimoor\Desktop\SIVP\Vitis_IP_MAC\temp_xsdb_launch_script.tcl
16:13:30 INFO  : XSCT server has started successfully.
16:13:30 INFO  : plnx-install-location is set to ''
16:13:30 INFO  : Successfully done setting XSCT server connection channel  
16:13:30 INFO  : Successfully done setting workspace for the tool. 
16:13:35 INFO  : Platform repository initialization has completed.
16:13:35 INFO  : Registering command handlers for Vitis TCF services
16:13:41 INFO  : Successfully done query RDI_DATADIR 
17:00:52 INFO  : Checking for BSP changes to sync application flags for project 'Vitis_IP_MAC'...
17:01:07 INFO  : Checking for BSP changes to sync application flags for project 'Vitis_IP_MAC'...
17:01:57 INFO  : Hardware specification for platform project 'IP_MAC_BD_wrapper' is updated.
17:02:08 INFO  : Result from executing command 'getProjects': IP_MAC_BD_wrapper
17:02:08 INFO  : Result from executing command 'getPlatforms': IP_MAC_BD_wrapper|C:/Users/Taimoor/Desktop/SIVP/Vitis_IP_MAC/IP_MAC_BD_wrapper/export/IP_MAC_BD_wrapper/IP_MAC_BD_wrapper.xpfm
17:02:13 INFO  : Checking for BSP changes to sync application flags for project 'Vitis_IP_MAC'...
17:02:19 INFO  : The hardware specfication used by project 'Vitis_IP_MAC' is out of sync with the platform. Resource files extracted from the hardware specfiication will be updated.
17:02:19 INFO  : The file 'C:\Users\Taimoor\Desktop\SIVP\Vitis_IP_MAC\Vitis_IP_MAC\_ide\bitstream\IP_MAC_BD_wrapper.bit' stored in project is removed.
17:02:19 INFO  : The updated bitstream files are copied from platform to folder 'C:\Users\Taimoor\Desktop\SIVP\Vitis_IP_MAC\Vitis_IP_MAC\_ide\bitstream' in project 'Vitis_IP_MAC'.
17:02:19 INFO  : The file 'C:\Users\Taimoor\Desktop\SIVP\Vitis_IP_MAC\Vitis_IP_MAC\_ide\psinit\ps7_init.tcl' stored in project is removed.
17:02:25 INFO  : The updated ps init files are copied from platform to folder 'C:\Users\Taimoor\Desktop\SIVP\Vitis_IP_MAC\Vitis_IP_MAC\_ide\psinit' in project 'Vitis_IP_MAC'.
17:02:25 INFO  : Connected to target on host '127.0.0.1' and port '3121'.
17:02:26 INFO  : Jtag cable 'Digilent JTAG-SMT1 210203A7D855A' is selected.
17:02:26 INFO  : 'jtag frequency' command is executed.
17:02:26 INFO  : Context for 'APU' is selected.
17:02:26 INFO  : System reset is completed.
17:02:29 INFO  : 'after 3000' command is executed.
17:02:29 INFO  : 'targets -set -filter {jtag_cable_name =~ "Digilent JTAG-SMT1 210203A7D855A" && level==0 && jtag_device_ctx=="jsn-JTAG-SMT1-210203A7D855A-23727093-0"}' command is executed.
17:02:31 INFO  : Device configured successfully with "C:/Users/Taimoor/Desktop/SIVP/Vitis_IP_MAC/Vitis_IP_MAC/_ide/bitstream/IP_MAC_BD_wrapper.bit"
17:02:31 INFO  : Context for 'APU' is selected.
17:02:31 INFO  : Hardware design and registers information is loaded from 'C:/Users/Taimoor/Desktop/SIVP/Vitis_IP_MAC/IP_MAC_BD_wrapper/export/IP_MAC_BD_wrapper/hw/IP_MAC_BD_wrapper.xsa'.
17:02:31 INFO  : 'configparams force-mem-access 1' command is executed.
17:02:31 INFO  : Context for 'APU' is selected.
17:02:31 INFO  : Sourcing of 'C:/Users/Taimoor/Desktop/SIVP/Vitis_IP_MAC/Vitis_IP_MAC/_ide/psinit/ps7_init.tcl' is done.
17:02:32 INFO  : 'ps7_init' command is executed.
17:02:32 INFO  : 'ps7_post_config' command is executed.
17:02:32 INFO  : Context for processor 'ps7_cortexa9_0' is selected.
17:02:34 INFO  : The application 'C:/Users/Taimoor/Desktop/SIVP/Vitis_IP_MAC/Vitis_IP_MAC/Debug/Vitis_IP_MAC.elf' is downloaded to processor 'ps7_cortexa9_0'.
17:02:34 INFO  : 'configparams force-mem-access 0' command is executed.
17:02:34 INFO  : ----------------XSDB Script----------------
connect -url tcp:127.0.0.1:3121
targets -set -nocase -filter {name =~"APU*"}
rst -system
after 3000
targets -set -filter {jtag_cable_name =~ "Digilent JTAG-SMT1 210203A7D855A" && level==0 && jtag_device_ctx=="jsn-JTAG-SMT1-210203A7D855A-23727093-0"}
fpga -file C:/Users/Taimoor/Desktop/SIVP/Vitis_IP_MAC/Vitis_IP_MAC/_ide/bitstream/IP_MAC_BD_wrapper.bit
targets -set -nocase -filter {name =~"APU*"}
loadhw -hw C:/Users/Taimoor/Desktop/SIVP/Vitis_IP_MAC/IP_MAC_BD_wrapper/export/IP_MAC_BD_wrapper/hw/IP_MAC_BD_wrapper.xsa -mem-ranges [list {0x40000000 0xbfffffff}] -regs
configparams force-mem-access 1
targets -set -nocase -filter {name =~"APU*"}
source C:/Users/Taimoor/Desktop/SIVP/Vitis_IP_MAC/Vitis_IP_MAC/_ide/psinit/ps7_init.tcl
ps7_init
ps7_post_config
targets -set -nocase -filter {name =~ "*A9*#0"}
dow C:/Users/Taimoor/Desktop/SIVP/Vitis_IP_MAC/Vitis_IP_MAC/Debug/Vitis_IP_MAC.elf
configparams force-mem-access 0
----------------End of Script----------------

17:02:35 INFO  : Context for processor 'ps7_cortexa9_0' is selected.
17:02:35 INFO  : 'con' command is executed.
17:02:35 INFO  : ----------------XSDB Script (After Launch)----------------
targets -set -nocase -filter {name =~ "*A9*#0"}
con
----------------End of Script----------------

17:02:35 INFO  : Launch script is exported to file 'C:\Users\Taimoor\Desktop\SIVP\Vitis_IP_MAC\Vitis_IP_MAC_system\_ide\scripts\debugger_vitis_ip_mac-default.tcl'
17:03:14 INFO  : Disconnected from the channel tcfchan#2.
17:03:15 INFO  : Connected to target on host '127.0.0.1' and port '3121'.
17:03:15 INFO  : Jtag cable 'Digilent JTAG-SMT1 210203A7D855A' is selected.
17:03:15 INFO  : 'jtag frequency' command is executed.
17:03:15 INFO  : Context for 'APU' is selected.
17:03:15 INFO  : System reset is completed.
17:03:18 INFO  : 'after 3000' command is executed.
17:03:18 INFO  : 'targets -set -filter {jtag_cable_name =~ "Digilent JTAG-SMT1 210203A7D855A" && level==0 && jtag_device_ctx=="jsn-JTAG-SMT1-210203A7D855A-23727093-0"}' command is executed.
17:03:21 INFO  : Device configured successfully with "C:/Users/Taimoor/Desktop/SIVP/Vitis_IP_MAC/Vitis_IP_MAC/_ide/bitstream/IP_MAC_BD_wrapper.bit"
17:03:21 INFO  : Context for 'APU' is selected.
17:03:21 INFO  : Hardware design and registers information is loaded from 'C:/Users/Taimoor/Desktop/SIVP/Vitis_IP_MAC/IP_MAC_BD_wrapper/export/IP_MAC_BD_wrapper/hw/IP_MAC_BD_wrapper.xsa'.
17:03:21 INFO  : 'configparams force-mem-access 1' command is executed.
17:03:21 INFO  : Context for 'APU' is selected.
17:03:21 INFO  : Sourcing of 'C:/Users/Taimoor/Desktop/SIVP/Vitis_IP_MAC/Vitis_IP_MAC/_ide/psinit/ps7_init.tcl' is done.
17:03:21 INFO  : 'ps7_init' command is executed.
17:03:21 INFO  : 'ps7_post_config' command is executed.
17:03:21 INFO  : Context for processor 'ps7_cortexa9_0' is selected.
17:03:24 INFO  : The application 'C:/Users/Taimoor/Desktop/SIVP/Vitis_IP_MAC/Vitis_IP_MAC/Debug/Vitis_IP_MAC.elf' is downloaded to processor 'ps7_cortexa9_0'.
17:03:24 INFO  : 'configparams force-mem-access 0' command is executed.
17:03:24 INFO  : ----------------XSDB Script----------------
connect -url tcp:127.0.0.1:3121
targets -set -nocase -filter {name =~"APU*"}
rst -system
after 3000
targets -set -filter {jtag_cable_name =~ "Digilent JTAG-SMT1 210203A7D855A" && level==0 && jtag_device_ctx=="jsn-JTAG-SMT1-210203A7D855A-23727093-0"}
fpga -file C:/Users/Taimoor/Desktop/SIVP/Vitis_IP_MAC/Vitis_IP_MAC/_ide/bitstream/IP_MAC_BD_wrapper.bit
targets -set -nocase -filter {name =~"APU*"}
loadhw -hw C:/Users/Taimoor/Desktop/SIVP/Vitis_IP_MAC/IP_MAC_BD_wrapper/export/IP_MAC_BD_wrapper/hw/IP_MAC_BD_wrapper.xsa -mem-ranges [list {0x40000000 0xbfffffff}] -regs
configparams force-mem-access 1
targets -set -nocase -filter {name =~"APU*"}
source C:/Users/Taimoor/Desktop/SIVP/Vitis_IP_MAC/Vitis_IP_MAC/_ide/psinit/ps7_init.tcl
ps7_init
ps7_post_config
targets -set -nocase -filter {name =~ "*A9*#0"}
dow C:/Users/Taimoor/Desktop/SIVP/Vitis_IP_MAC/Vitis_IP_MAC/Debug/Vitis_IP_MAC.elf
configparams force-mem-access 0
----------------End of Script----------------

17:03:24 INFO  : Context for processor 'ps7_cortexa9_0' is selected.
17:03:24 INFO  : 'con' command is executed.
17:03:24 INFO  : ----------------XSDB Script (After Launch)----------------
targets -set -nocase -filter {name =~ "*A9*#0"}
con
----------------End of Script----------------

17:03:24 INFO  : Launch script is exported to file 'C:\Users\Taimoor\Desktop\SIVP\Vitis_IP_MAC\Vitis_IP_MAC_system\_ide\scripts\debugger_vitis_ip_mac-default.tcl'
00:51:49 INFO  : Disconnected from the channel tcfchan#3.
13:59:56 INFO  : Launching XSCT server: xsct.bat -n  -interactive C:\Users\Taimoor\Desktop\SIVP\Vitis_IP_MAC\temp_xsdb_launch_script.tcl
13:59:59 INFO  : XSCT server has started successfully.
13:59:59 INFO  : Successfully done setting XSCT server connection channel  
13:59:59 INFO  : plnx-install-location is set to ''
13:59:59 INFO  : Successfully done setting workspace for the tool. 
14:00:04 INFO  : Platform repository initialization has completed.
14:00:04 INFO  : Registering command handlers for Vitis TCF services
14:00:19 INFO  : Successfully done query RDI_DATADIR 
14:14:50 INFO  : Checking for BSP changes to sync application flags for project 'Vitis_IP_MAC'...
14:15:22 INFO  : Connected to target on host '127.0.0.1' and port '3121'.
14:15:22 INFO  : Jtag cable 'Digilent JTAG-SMT1 210203A7D855A' is selected.
14:15:22 INFO  : 'jtag frequency' command is executed.
14:15:22 INFO  : Context for 'APU' is selected.
14:15:22 INFO  : System reset is completed.
14:15:25 INFO  : 'after 3000' command is executed.
14:15:25 INFO  : 'targets -set -filter {jtag_cable_name =~ "Digilent JTAG-SMT1 210203A7D855A" && level==0 && jtag_device_ctx=="jsn-JTAG-SMT1-210203A7D855A-23727093-0"}' command is executed.
14:15:27 INFO  : Device configured successfully with "C:/Users/Taimoor/Desktop/SIVP/Vitis_IP_MAC/Vitis_IP_MAC/_ide/bitstream/IP_MAC_BD_wrapper.bit"
14:15:27 INFO  : Context for 'APU' is selected.
14:15:28 INFO  : Hardware design and registers information is loaded from 'C:/Users/Taimoor/Desktop/SIVP/Vitis_IP_MAC/IP_MAC_BD_wrapper/export/IP_MAC_BD_wrapper/hw/IP_MAC_BD_wrapper.xsa'.
14:15:28 INFO  : 'configparams force-mem-access 1' command is executed.
14:15:28 INFO  : Context for 'APU' is selected.
14:15:28 INFO  : Sourcing of 'C:/Users/Taimoor/Desktop/SIVP/Vitis_IP_MAC/Vitis_IP_MAC/_ide/psinit/ps7_init.tcl' is done.
14:15:28 INFO  : 'ps7_init' command is executed.
14:15:28 INFO  : 'ps7_post_config' command is executed.
14:15:28 INFO  : Context for processor 'ps7_cortexa9_0' is selected.
14:15:30 INFO  : The application 'C:/Users/Taimoor/Desktop/SIVP/Vitis_IP_MAC/Vitis_IP_MAC/Debug/Vitis_IP_MAC.elf' is downloaded to processor 'ps7_cortexa9_0'.
14:15:30 INFO  : 'configparams force-mem-access 0' command is executed.
14:15:30 INFO  : ----------------XSDB Script----------------
connect -url tcp:127.0.0.1:3121
targets -set -nocase -filter {name =~"APU*"}
rst -system
after 3000
targets -set -filter {jtag_cable_name =~ "Digilent JTAG-SMT1 210203A7D855A" && level==0 && jtag_device_ctx=="jsn-JTAG-SMT1-210203A7D855A-23727093-0"}
fpga -file C:/Users/Taimoor/Desktop/SIVP/Vitis_IP_MAC/Vitis_IP_MAC/_ide/bitstream/IP_MAC_BD_wrapper.bit
targets -set -nocase -filter {name =~"APU*"}
loadhw -hw C:/Users/Taimoor/Desktop/SIVP/Vitis_IP_MAC/IP_MAC_BD_wrapper/export/IP_MAC_BD_wrapper/hw/IP_MAC_BD_wrapper.xsa -mem-ranges [list {0x40000000 0xbfffffff}] -regs
configparams force-mem-access 1
targets -set -nocase -filter {name =~"APU*"}
source C:/Users/Taimoor/Desktop/SIVP/Vitis_IP_MAC/Vitis_IP_MAC/_ide/psinit/ps7_init.tcl
ps7_init
ps7_post_config
targets -set -nocase -filter {name =~ "*A9*#0"}
dow C:/Users/Taimoor/Desktop/SIVP/Vitis_IP_MAC/Vitis_IP_MAC/Debug/Vitis_IP_MAC.elf
configparams force-mem-access 0
----------------End of Script----------------

14:15:30 INFO  : Context for processor 'ps7_cortexa9_0' is selected.
14:15:30 INFO  : 'con' command is executed.
14:15:30 INFO  : ----------------XSDB Script (After Launch)----------------
targets -set -nocase -filter {name =~ "*A9*#0"}
con
----------------End of Script----------------

14:15:30 INFO  : Launch script is exported to file 'C:\Users\Taimoor\Desktop\SIVP\Vitis_IP_MAC\Vitis_IP_MAC_system\_ide\scripts\debugger_vitis_ip_mac-default.tcl'
14:48:25 INFO  : Disconnected from the channel tcfchan#1.
14:48:26 INFO  : Connected to target on host '127.0.0.1' and port '3121'.
14:48:26 INFO  : Jtag cable 'Digilent JTAG-SMT1 210203A7D855A' is selected.
14:48:26 INFO  : 'jtag frequency' command is executed.
14:48:26 INFO  : Context for 'APU' is selected.
14:48:26 INFO  : System reset is completed.
14:48:29 INFO  : 'after 3000' command is executed.
14:48:29 INFO  : 'targets -set -filter {jtag_cable_name =~ "Digilent JTAG-SMT1 210203A7D855A" && level==0 && jtag_device_ctx=="jsn-JTAG-SMT1-210203A7D855A-23727093-0"}' command is executed.
14:48:31 INFO  : Device configured successfully with "C:/Users/Taimoor/Desktop/SIVP/Vitis_IP_MAC/Vitis_IP_MAC/_ide/bitstream/IP_MAC_BD_wrapper.bit"
14:48:31 INFO  : Context for 'APU' is selected.
14:48:34 INFO  : Hardware design and registers information is loaded from 'C:/Users/Taimoor/Desktop/SIVP/Vitis_IP_MAC/IP_MAC_BD_wrapper/export/IP_MAC_BD_wrapper/hw/IP_MAC_BD_wrapper.xsa'.
14:48:34 INFO  : 'configparams force-mem-access 1' command is executed.
14:48:34 INFO  : Context for 'APU' is selected.
14:48:34 INFO  : Sourcing of 'C:/Users/Taimoor/Desktop/SIVP/Vitis_IP_MAC/Vitis_IP_MAC/_ide/psinit/ps7_init.tcl' is done.
14:48:35 INFO  : 'ps7_init' command is executed.
14:48:35 INFO  : 'ps7_post_config' command is executed.
14:48:35 INFO  : Context for processor 'ps7_cortexa9_0' is selected.
14:48:37 INFO  : The application 'C:/Users/Taimoor/Desktop/SIVP/Vitis_IP_MAC/Vitis_IP_MAC/Debug/Vitis_IP_MAC.elf' is downloaded to processor 'ps7_cortexa9_0'.
14:48:37 INFO  : 'configparams force-mem-access 0' command is executed.
14:48:37 INFO  : ----------------XSDB Script----------------
connect -url tcp:127.0.0.1:3121
targets -set -nocase -filter {name =~"APU*"}
rst -system
after 3000
targets -set -filter {jtag_cable_name =~ "Digilent JTAG-SMT1 210203A7D855A" && level==0 && jtag_device_ctx=="jsn-JTAG-SMT1-210203A7D855A-23727093-0"}
fpga -file C:/Users/Taimoor/Desktop/SIVP/Vitis_IP_MAC/Vitis_IP_MAC/_ide/bitstream/IP_MAC_BD_wrapper.bit
targets -set -nocase -filter {name =~"APU*"}
loadhw -hw C:/Users/Taimoor/Desktop/SIVP/Vitis_IP_MAC/IP_MAC_BD_wrapper/export/IP_MAC_BD_wrapper/hw/IP_MAC_BD_wrapper.xsa -mem-ranges [list {0x40000000 0xbfffffff}] -regs
configparams force-mem-access 1
targets -set -nocase -filter {name =~"APU*"}
source C:/Users/Taimoor/Desktop/SIVP/Vitis_IP_MAC/Vitis_IP_MAC/_ide/psinit/ps7_init.tcl
ps7_init
ps7_post_config
targets -set -nocase -filter {name =~ "*A9*#0"}
dow C:/Users/Taimoor/Desktop/SIVP/Vitis_IP_MAC/Vitis_IP_MAC/Debug/Vitis_IP_MAC.elf
configparams force-mem-access 0
----------------End of Script----------------

14:48:37 INFO  : Context for processor 'ps7_cortexa9_0' is selected.
14:48:37 INFO  : 'con' command is executed.
14:48:37 INFO  : ----------------XSDB Script (After Launch)----------------
targets -set -nocase -filter {name =~ "*A9*#0"}
con
----------------End of Script----------------

14:48:37 INFO  : Launch script is exported to file 'C:\Users\Taimoor\Desktop\SIVP\Vitis_IP_MAC\Vitis_IP_MAC_system\_ide\scripts\debugger_vitis_ip_mac-default.tcl'
14:52:56 INFO  : Hardware specification for platform project 'IP_MAC_BD_wrapper' is updated.
14:53:24 INFO  : Result from executing command 'getProjects': IP_MAC_BD_wrapper
14:53:24 INFO  : Result from executing command 'getPlatforms': IP_MAC_BD_wrapper|C:/Users/Taimoor/Desktop/SIVP/Vitis_IP_MAC/IP_MAC_BD_wrapper/export/IP_MAC_BD_wrapper/IP_MAC_BD_wrapper.xpfm
14:53:28 INFO  : Checking for BSP changes to sync application flags for project 'Vitis_IP_MAC'...
14:53:33 INFO  : Disconnected from the channel tcfchan#2.
14:53:34 INFO  : Connected to target on host '127.0.0.1' and port '3121'.
14:53:34 INFO  : Jtag cable 'Digilent JTAG-SMT1 210203A7D855A' is selected.
14:53:34 INFO  : 'jtag frequency' command is executed.
14:53:34 INFO  : Context for 'APU' is selected.
14:53:34 INFO  : System reset is completed.
14:53:37 INFO  : 'after 3000' command is executed.
14:53:37 INFO  : 'targets -set -filter {jtag_cable_name =~ "Digilent JTAG-SMT1 210203A7D855A" && level==0 && jtag_device_ctx=="jsn-JTAG-SMT1-210203A7D855A-23727093-0"}' command is executed.
14:53:39 INFO  : Device configured successfully with "C:/Users/Taimoor/Desktop/SIVP/Vitis_IP_MAC/Vitis_IP_MAC/_ide/bitstream/IP_MAC_BD_wrapper.bit"
14:53:39 INFO  : Context for 'APU' is selected.
14:53:42 INFO  : Hardware design and registers information is loaded from 'C:/Users/Taimoor/Desktop/SIVP/Vitis_IP_MAC/IP_MAC_BD_wrapper/export/IP_MAC_BD_wrapper/hw/IP_MAC_BD_wrapper.xsa'.
14:53:42 INFO  : 'configparams force-mem-access 1' command is executed.
14:53:42 INFO  : Context for 'APU' is selected.
14:53:42 INFO  : Sourcing of 'C:/Users/Taimoor/Desktop/SIVP/Vitis_IP_MAC/Vitis_IP_MAC/_ide/psinit/ps7_init.tcl' is done.
14:53:42 INFO  : 'ps7_init' command is executed.
14:53:42 INFO  : 'ps7_post_config' command is executed.
14:53:42 INFO  : Context for processor 'ps7_cortexa9_0' is selected.
14:53:45 INFO  : The application 'C:/Users/Taimoor/Desktop/SIVP/Vitis_IP_MAC/Vitis_IP_MAC/Debug/Vitis_IP_MAC.elf' is downloaded to processor 'ps7_cortexa9_0'.
14:53:45 INFO  : 'configparams force-mem-access 0' command is executed.
14:53:45 INFO  : ----------------XSDB Script----------------
connect -url tcp:127.0.0.1:3121
targets -set -nocase -filter {name =~"APU*"}
rst -system
after 3000
targets -set -filter {jtag_cable_name =~ "Digilent JTAG-SMT1 210203A7D855A" && level==0 && jtag_device_ctx=="jsn-JTAG-SMT1-210203A7D855A-23727093-0"}
fpga -file C:/Users/Taimoor/Desktop/SIVP/Vitis_IP_MAC/Vitis_IP_MAC/_ide/bitstream/IP_MAC_BD_wrapper.bit
targets -set -nocase -filter {name =~"APU*"}
loadhw -hw C:/Users/Taimoor/Desktop/SIVP/Vitis_IP_MAC/IP_MAC_BD_wrapper/export/IP_MAC_BD_wrapper/hw/IP_MAC_BD_wrapper.xsa -mem-ranges [list {0x40000000 0xbfffffff}] -regs
configparams force-mem-access 1
targets -set -nocase -filter {name =~"APU*"}
source C:/Users/Taimoor/Desktop/SIVP/Vitis_IP_MAC/Vitis_IP_MAC/_ide/psinit/ps7_init.tcl
ps7_init
ps7_post_config
targets -set -nocase -filter {name =~ "*A9*#0"}
dow C:/Users/Taimoor/Desktop/SIVP/Vitis_IP_MAC/Vitis_IP_MAC/Debug/Vitis_IP_MAC.elf
configparams force-mem-access 0
----------------End of Script----------------

14:53:45 INFO  : Context for processor 'ps7_cortexa9_0' is selected.
14:53:45 INFO  : 'con' command is executed.
14:53:45 INFO  : ----------------XSDB Script (After Launch)----------------
targets -set -nocase -filter {name =~ "*A9*#0"}
con
----------------End of Script----------------

14:53:45 INFO  : Launch script is exported to file 'C:\Users\Taimoor\Desktop\SIVP\Vitis_IP_MAC\Vitis_IP_MAC_system\_ide\scripts\debugger_vitis_ip_mac-default.tcl'
14:54:14 INFO  : Disconnected from the channel tcfchan#4.
14:54:15 INFO  : Connected to target on host '127.0.0.1' and port '3121'.
14:54:15 INFO  : Jtag cable 'Digilent JTAG-SMT1 210203A7D855A' is selected.
14:54:15 INFO  : 'jtag frequency' command is executed.
14:54:15 INFO  : Context for 'APU' is selected.
14:54:15 INFO  : System reset is completed.
14:54:18 INFO  : 'after 3000' command is executed.
14:54:18 INFO  : 'targets -set -filter {jtag_cable_name =~ "Digilent JTAG-SMT1 210203A7D855A" && level==0 && jtag_device_ctx=="jsn-JTAG-SMT1-210203A7D855A-23727093-0"}' command is executed.
14:54:20 INFO  : Device configured successfully with "C:/Users/Taimoor/Desktop/SIVP/Vitis_IP_MAC/Vitis_IP_MAC/_ide/bitstream/IP_MAC_BD_wrapper.bit"
14:54:20 INFO  : Context for 'APU' is selected.
14:54:20 INFO  : Hardware design and registers information is loaded from 'C:/Users/Taimoor/Desktop/SIVP/Vitis_IP_MAC/IP_MAC_BD_wrapper/export/IP_MAC_BD_wrapper/hw/IP_MAC_BD_wrapper.xsa'.
14:54:20 INFO  : 'configparams force-mem-access 1' command is executed.
14:54:20 INFO  : Context for 'APU' is selected.
14:54:20 INFO  : Sourcing of 'C:/Users/Taimoor/Desktop/SIVP/Vitis_IP_MAC/Vitis_IP_MAC/_ide/psinit/ps7_init.tcl' is done.
14:54:21 INFO  : 'ps7_init' command is executed.
14:54:21 INFO  : 'ps7_post_config' command is executed.
14:54:21 INFO  : Context for processor 'ps7_cortexa9_0' is selected.
14:54:23 INFO  : The application 'C:/Users/Taimoor/Desktop/SIVP/Vitis_IP_MAC/Vitis_IP_MAC/Debug/Vitis_IP_MAC.elf' is downloaded to processor 'ps7_cortexa9_0'.
14:54:23 INFO  : 'configparams force-mem-access 0' command is executed.
14:54:23 INFO  : ----------------XSDB Script----------------
connect -url tcp:127.0.0.1:3121
targets -set -nocase -filter {name =~"APU*"}
rst -system
after 3000
targets -set -filter {jtag_cable_name =~ "Digilent JTAG-SMT1 210203A7D855A" && level==0 && jtag_device_ctx=="jsn-JTAG-SMT1-210203A7D855A-23727093-0"}
fpga -file C:/Users/Taimoor/Desktop/SIVP/Vitis_IP_MAC/Vitis_IP_MAC/_ide/bitstream/IP_MAC_BD_wrapper.bit
targets -set -nocase -filter {name =~"APU*"}
loadhw -hw C:/Users/Taimoor/Desktop/SIVP/Vitis_IP_MAC/IP_MAC_BD_wrapper/export/IP_MAC_BD_wrapper/hw/IP_MAC_BD_wrapper.xsa -mem-ranges [list {0x40000000 0xbfffffff}] -regs
configparams force-mem-access 1
targets -set -nocase -filter {name =~"APU*"}
source C:/Users/Taimoor/Desktop/SIVP/Vitis_IP_MAC/Vitis_IP_MAC/_ide/psinit/ps7_init.tcl
ps7_init
ps7_post_config
targets -set -nocase -filter {name =~ "*A9*#0"}
dow C:/Users/Taimoor/Desktop/SIVP/Vitis_IP_MAC/Vitis_IP_MAC/Debug/Vitis_IP_MAC.elf
configparams force-mem-access 0
----------------End of Script----------------

14:54:23 INFO  : Context for processor 'ps7_cortexa9_0' is selected.
14:54:23 INFO  : 'con' command is executed.
14:54:23 INFO  : ----------------XSDB Script (After Launch)----------------
targets -set -nocase -filter {name =~ "*A9*#0"}
con
----------------End of Script----------------

14:54:23 INFO  : Launch script is exported to file 'C:\Users\Taimoor\Desktop\SIVP\Vitis_IP_MAC\Vitis_IP_MAC_system\_ide\scripts\debugger_vitis_ip_mac-default.tcl'
15:08:25 INFO  : Hardware specification for platform project 'IP_MAC_BD_wrapper' is updated.
15:08:38 INFO  : Result from executing command 'getProjects': IP_MAC_BD_wrapper
15:08:38 INFO  : Result from executing command 'getPlatforms': IP_MAC_BD_wrapper|C:/Users/Taimoor/Desktop/SIVP/Vitis_IP_MAC/IP_MAC_BD_wrapper/export/IP_MAC_BD_wrapper/IP_MAC_BD_wrapper.xpfm
15:08:45 INFO  : Checking for BSP changes to sync application flags for project 'Vitis_IP_MAC'...
15:08:52 INFO  : Disconnected from the channel tcfchan#5.
15:08:53 INFO  : The hardware specfication used by project 'Vitis_IP_MAC' is out of sync with the platform. Resource files extracted from the hardware specfiication will be updated.
15:08:53 INFO  : The file 'C:\Users\Taimoor\Desktop\SIVP\Vitis_IP_MAC\Vitis_IP_MAC\_ide\bitstream\IP_MAC_BD_wrapper.bit' stored in project is removed.
15:08:53 INFO  : The updated bitstream files are copied from platform to folder 'C:\Users\Taimoor\Desktop\SIVP\Vitis_IP_MAC\Vitis_IP_MAC\_ide\bitstream' in project 'Vitis_IP_MAC'.
15:08:53 INFO  : The file 'C:\Users\Taimoor\Desktop\SIVP\Vitis_IP_MAC\Vitis_IP_MAC\_ide\psinit\ps7_init.tcl' stored in project is removed.
15:08:58 INFO  : The updated ps init files are copied from platform to folder 'C:\Users\Taimoor\Desktop\SIVP\Vitis_IP_MAC\Vitis_IP_MAC\_ide\psinit' in project 'Vitis_IP_MAC'.
15:08:59 INFO  : Connected to target on host '127.0.0.1' and port '3121'.
15:08:59 INFO  : Jtag cable 'Digilent JTAG-SMT1 210203A7D855A' is selected.
15:08:59 INFO  : 'jtag frequency' command is executed.
15:08:59 INFO  : Context for 'APU' is selected.
15:08:59 INFO  : System reset is completed.
15:09:02 INFO  : 'after 3000' command is executed.
15:09:02 INFO  : 'targets -set -filter {jtag_cable_name =~ "Digilent JTAG-SMT1 210203A7D855A" && level==0 && jtag_device_ctx=="jsn-JTAG-SMT1-210203A7D855A-23727093-0"}' command is executed.
15:09:04 INFO  : Device configured successfully with "C:/Users/Taimoor/Desktop/SIVP/Vitis_IP_MAC/Vitis_IP_MAC/_ide/bitstream/IP_MAC_BD_wrapper.bit"
15:09:04 INFO  : Context for 'APU' is selected.
15:09:05 INFO  : Hardware design and registers information is loaded from 'C:/Users/Taimoor/Desktop/SIVP/Vitis_IP_MAC/IP_MAC_BD_wrapper/export/IP_MAC_BD_wrapper/hw/IP_MAC_BD_wrapper.xsa'.
15:09:05 INFO  : 'configparams force-mem-access 1' command is executed.
15:09:05 INFO  : Context for 'APU' is selected.
15:09:05 INFO  : Sourcing of 'C:/Users/Taimoor/Desktop/SIVP/Vitis_IP_MAC/Vitis_IP_MAC/_ide/psinit/ps7_init.tcl' is done.
15:09:05 INFO  : 'ps7_init' command is executed.
15:09:05 INFO  : 'ps7_post_config' command is executed.
15:09:05 INFO  : Context for processor 'ps7_cortexa9_0' is selected.
15:09:07 INFO  : The application 'C:/Users/Taimoor/Desktop/SIVP/Vitis_IP_MAC/Vitis_IP_MAC/Debug/Vitis_IP_MAC.elf' is downloaded to processor 'ps7_cortexa9_0'.
15:09:07 INFO  : 'configparams force-mem-access 0' command is executed.
15:09:07 INFO  : ----------------XSDB Script----------------
connect -url tcp:127.0.0.1:3121
targets -set -nocase -filter {name =~"APU*"}
rst -system
after 3000
targets -set -filter {jtag_cable_name =~ "Digilent JTAG-SMT1 210203A7D855A" && level==0 && jtag_device_ctx=="jsn-JTAG-SMT1-210203A7D855A-23727093-0"}
fpga -file C:/Users/Taimoor/Desktop/SIVP/Vitis_IP_MAC/Vitis_IP_MAC/_ide/bitstream/IP_MAC_BD_wrapper.bit
targets -set -nocase -filter {name =~"APU*"}
loadhw -hw C:/Users/Taimoor/Desktop/SIVP/Vitis_IP_MAC/IP_MAC_BD_wrapper/export/IP_MAC_BD_wrapper/hw/IP_MAC_BD_wrapper.xsa -mem-ranges [list {0x40000000 0xbfffffff}] -regs
configparams force-mem-access 1
targets -set -nocase -filter {name =~"APU*"}
source C:/Users/Taimoor/Desktop/SIVP/Vitis_IP_MAC/Vitis_IP_MAC/_ide/psinit/ps7_init.tcl
ps7_init
ps7_post_config
targets -set -nocase -filter {name =~ "*A9*#0"}
dow C:/Users/Taimoor/Desktop/SIVP/Vitis_IP_MAC/Vitis_IP_MAC/Debug/Vitis_IP_MAC.elf
configparams force-mem-access 0
----------------End of Script----------------

15:09:07 INFO  : Context for processor 'ps7_cortexa9_0' is selected.
15:09:07 INFO  : 'con' command is executed.
15:09:07 INFO  : ----------------XSDB Script (After Launch)----------------
targets -set -nocase -filter {name =~ "*A9*#0"}
con
----------------End of Script----------------

15:09:07 INFO  : Launch script is exported to file 'C:\Users\Taimoor\Desktop\SIVP\Vitis_IP_MAC\Vitis_IP_MAC_system\_ide\scripts\debugger_vitis_ip_mac-default.tcl'
15:22:26 INFO  : Hardware specification for platform project 'IP_MAC_BD_wrapper' is updated.
15:22:33 INFO  : Result from executing command 'getProjects': IP_MAC_BD_wrapper
15:22:33 INFO  : Result from executing command 'getPlatforms': IP_MAC_BD_wrapper|C:/Users/Taimoor/Desktop/SIVP/Vitis_IP_MAC/IP_MAC_BD_wrapper/export/IP_MAC_BD_wrapper/IP_MAC_BD_wrapper.xpfm
15:22:37 INFO  : Checking for BSP changes to sync application flags for project 'Vitis_IP_MAC'...
15:22:43 INFO  : Disconnected from the channel tcfchan#7.
15:22:44 INFO  : The hardware specfication used by project 'Vitis_IP_MAC' is out of sync with the platform. Resource files extracted from the hardware specfiication will be updated.
15:22:44 INFO  : The file 'C:\Users\Taimoor\Desktop\SIVP\Vitis_IP_MAC\Vitis_IP_MAC\_ide\bitstream\IP_MAC_BD_wrapper.bit' stored in project is removed.
15:22:44 INFO  : The updated bitstream files are copied from platform to folder 'C:\Users\Taimoor\Desktop\SIVP\Vitis_IP_MAC\Vitis_IP_MAC\_ide\bitstream' in project 'Vitis_IP_MAC'.
15:22:44 INFO  : The file 'C:\Users\Taimoor\Desktop\SIVP\Vitis_IP_MAC\Vitis_IP_MAC\_ide\psinit\ps7_init.tcl' stored in project is removed.
15:22:49 INFO  : The updated ps init files are copied from platform to folder 'C:\Users\Taimoor\Desktop\SIVP\Vitis_IP_MAC\Vitis_IP_MAC\_ide\psinit' in project 'Vitis_IP_MAC'.
15:22:50 INFO  : Connected to target on host '127.0.0.1' and port '3121'.
15:22:50 INFO  : Jtag cable 'Digilent JTAG-SMT1 210203A7D855A' is selected.
15:22:50 INFO  : 'jtag frequency' command is executed.
15:22:50 INFO  : Context for 'APU' is selected.
15:22:50 INFO  : System reset is completed.
15:22:53 INFO  : 'after 3000' command is executed.
15:22:53 INFO  : 'targets -set -filter {jtag_cable_name =~ "Digilent JTAG-SMT1 210203A7D855A" && level==0 && jtag_device_ctx=="jsn-JTAG-SMT1-210203A7D855A-23727093-0"}' command is executed.
15:22:55 INFO  : Device configured successfully with "C:/Users/Taimoor/Desktop/SIVP/Vitis_IP_MAC/Vitis_IP_MAC/_ide/bitstream/IP_MAC_BD_wrapper.bit"
15:22:55 INFO  : Context for 'APU' is selected.
15:22:55 INFO  : Hardware design and registers information is loaded from 'C:/Users/Taimoor/Desktop/SIVP/Vitis_IP_MAC/IP_MAC_BD_wrapper/export/IP_MAC_BD_wrapper/hw/IP_MAC_BD_wrapper.xsa'.
15:22:55 INFO  : 'configparams force-mem-access 1' command is executed.
15:22:55 INFO  : Context for 'APU' is selected.
15:22:55 INFO  : Sourcing of 'C:/Users/Taimoor/Desktop/SIVP/Vitis_IP_MAC/Vitis_IP_MAC/_ide/psinit/ps7_init.tcl' is done.
15:22:56 INFO  : 'ps7_init' command is executed.
15:22:56 INFO  : 'ps7_post_config' command is executed.
15:22:56 INFO  : Context for processor 'ps7_cortexa9_0' is selected.
15:22:58 INFO  : The application 'C:/Users/Taimoor/Desktop/SIVP/Vitis_IP_MAC/Vitis_IP_MAC/Debug/Vitis_IP_MAC.elf' is downloaded to processor 'ps7_cortexa9_0'.
15:22:58 INFO  : 'configparams force-mem-access 0' command is executed.
15:22:58 INFO  : ----------------XSDB Script----------------
connect -url tcp:127.0.0.1:3121
targets -set -nocase -filter {name =~"APU*"}
rst -system
after 3000
targets -set -filter {jtag_cable_name =~ "Digilent JTAG-SMT1 210203A7D855A" && level==0 && jtag_device_ctx=="jsn-JTAG-SMT1-210203A7D855A-23727093-0"}
fpga -file C:/Users/Taimoor/Desktop/SIVP/Vitis_IP_MAC/Vitis_IP_MAC/_ide/bitstream/IP_MAC_BD_wrapper.bit
targets -set -nocase -filter {name =~"APU*"}
loadhw -hw C:/Users/Taimoor/Desktop/SIVP/Vitis_IP_MAC/IP_MAC_BD_wrapper/export/IP_MAC_BD_wrapper/hw/IP_MAC_BD_wrapper.xsa -mem-ranges [list {0x40000000 0xbfffffff}] -regs
configparams force-mem-access 1
targets -set -nocase -filter {name =~"APU*"}
source C:/Users/Taimoor/Desktop/SIVP/Vitis_IP_MAC/Vitis_IP_MAC/_ide/psinit/ps7_init.tcl
ps7_init
ps7_post_config
targets -set -nocase -filter {name =~ "*A9*#0"}
dow C:/Users/Taimoor/Desktop/SIVP/Vitis_IP_MAC/Vitis_IP_MAC/Debug/Vitis_IP_MAC.elf
configparams force-mem-access 0
----------------End of Script----------------

15:22:58 INFO  : Context for processor 'ps7_cortexa9_0' is selected.
15:22:58 INFO  : 'con' command is executed.
15:22:58 INFO  : ----------------XSDB Script (After Launch)----------------
targets -set -nocase -filter {name =~ "*A9*#0"}
con
----------------End of Script----------------

15:22:58 INFO  : Launch script is exported to file 'C:\Users\Taimoor\Desktop\SIVP\Vitis_IP_MAC\Vitis_IP_MAC_system\_ide\scripts\debugger_vitis_ip_mac-default.tcl'
15:55:04 INFO  : Hardware specification for platform project 'IP_MAC_BD_wrapper' is updated.
15:55:11 INFO  : Result from executing command 'getProjects': IP_MAC_BD_wrapper
15:55:11 INFO  : Result from executing command 'getPlatforms': IP_MAC_BD_wrapper|C:/Users/Taimoor/Desktop/SIVP/Vitis_IP_MAC/IP_MAC_BD_wrapper/export/IP_MAC_BD_wrapper/IP_MAC_BD_wrapper.xpfm
15:55:13 INFO  : Checking for BSP changes to sync application flags for project 'Vitis_IP_MAC'...
15:55:19 INFO  : Disconnected from the channel tcfchan#9.
15:55:20 INFO  : The hardware specfication used by project 'Vitis_IP_MAC' is out of sync with the platform. Resource files extracted from the hardware specfiication will be updated.
15:55:20 INFO  : The file 'C:\Users\Taimoor\Desktop\SIVP\Vitis_IP_MAC\Vitis_IP_MAC\_ide\bitstream\IP_MAC_BD_wrapper.bit' stored in project is removed.
15:55:20 INFO  : The updated bitstream files are copied from platform to folder 'C:\Users\Taimoor\Desktop\SIVP\Vitis_IP_MAC\Vitis_IP_MAC\_ide\bitstream' in project 'Vitis_IP_MAC'.
15:55:20 INFO  : The file 'C:\Users\Taimoor\Desktop\SIVP\Vitis_IP_MAC\Vitis_IP_MAC\_ide\psinit\ps7_init.tcl' stored in project is removed.
15:55:25 INFO  : The updated ps init files are copied from platform to folder 'C:\Users\Taimoor\Desktop\SIVP\Vitis_IP_MAC\Vitis_IP_MAC\_ide\psinit' in project 'Vitis_IP_MAC'.
15:55:25 INFO  : Connected to target on host '127.0.0.1' and port '3121'.
15:55:26 INFO  : Jtag cable 'Digilent JTAG-SMT1 210203A7D855A' is selected.
15:55:26 INFO  : 'jtag frequency' command is executed.
15:55:26 INFO  : Context for 'APU' is selected.
15:55:26 INFO  : System reset is completed.
15:55:29 INFO  : 'after 3000' command is executed.
15:55:29 INFO  : 'targets -set -filter {jtag_cable_name =~ "Digilent JTAG-SMT1 210203A7D855A" && level==0 && jtag_device_ctx=="jsn-JTAG-SMT1-210203A7D855A-23727093-0"}' command is executed.
15:55:31 INFO  : Device configured successfully with "C:/Users/Taimoor/Desktop/SIVP/Vitis_IP_MAC/Vitis_IP_MAC/_ide/bitstream/IP_MAC_BD_wrapper.bit"
15:55:31 INFO  : Context for 'APU' is selected.
15:55:31 INFO  : Hardware design and registers information is loaded from 'C:/Users/Taimoor/Desktop/SIVP/Vitis_IP_MAC/IP_MAC_BD_wrapper/export/IP_MAC_BD_wrapper/hw/IP_MAC_BD_wrapper.xsa'.
15:55:31 INFO  : 'configparams force-mem-access 1' command is executed.
15:55:31 INFO  : Context for 'APU' is selected.
15:55:31 INFO  : Sourcing of 'C:/Users/Taimoor/Desktop/SIVP/Vitis_IP_MAC/Vitis_IP_MAC/_ide/psinit/ps7_init.tcl' is done.
15:55:32 INFO  : 'ps7_init' command is executed.
15:55:32 INFO  : 'ps7_post_config' command is executed.
15:55:32 INFO  : Context for processor 'ps7_cortexa9_0' is selected.
15:55:34 INFO  : The application 'C:/Users/Taimoor/Desktop/SIVP/Vitis_IP_MAC/Vitis_IP_MAC/Debug/Vitis_IP_MAC.elf' is downloaded to processor 'ps7_cortexa9_0'.
15:55:34 INFO  : 'configparams force-mem-access 0' command is executed.
15:55:34 INFO  : ----------------XSDB Script----------------
connect -url tcp:127.0.0.1:3121
targets -set -nocase -filter {name =~"APU*"}
rst -system
after 3000
targets -set -filter {jtag_cable_name =~ "Digilent JTAG-SMT1 210203A7D855A" && level==0 && jtag_device_ctx=="jsn-JTAG-SMT1-210203A7D855A-23727093-0"}
fpga -file C:/Users/Taimoor/Desktop/SIVP/Vitis_IP_MAC/Vitis_IP_MAC/_ide/bitstream/IP_MAC_BD_wrapper.bit
targets -set -nocase -filter {name =~"APU*"}
loadhw -hw C:/Users/Taimoor/Desktop/SIVP/Vitis_IP_MAC/IP_MAC_BD_wrapper/export/IP_MAC_BD_wrapper/hw/IP_MAC_BD_wrapper.xsa -mem-ranges [list {0x40000000 0xbfffffff}] -regs
configparams force-mem-access 1
targets -set -nocase -filter {name =~"APU*"}
source C:/Users/Taimoor/Desktop/SIVP/Vitis_IP_MAC/Vitis_IP_MAC/_ide/psinit/ps7_init.tcl
ps7_init
ps7_post_config
targets -set -nocase -filter {name =~ "*A9*#0"}
dow C:/Users/Taimoor/Desktop/SIVP/Vitis_IP_MAC/Vitis_IP_MAC/Debug/Vitis_IP_MAC.elf
configparams force-mem-access 0
----------------End of Script----------------

15:55:34 INFO  : Context for processor 'ps7_cortexa9_0' is selected.
15:55:34 INFO  : 'con' command is executed.
15:55:34 INFO  : ----------------XSDB Script (After Launch)----------------
targets -set -nocase -filter {name =~ "*A9*#0"}
con
----------------End of Script----------------

15:55:34 INFO  : Launch script is exported to file 'C:\Users\Taimoor\Desktop\SIVP\Vitis_IP_MAC\Vitis_IP_MAC_system\_ide\scripts\debugger_vitis_ip_mac-default.tcl'
15:58:35 INFO  : Disconnected from the channel tcfchan#11.
15:58:37 INFO  : Connected to target on host '127.0.0.1' and port '3121'.
15:58:37 INFO  : Jtag cable 'Digilent JTAG-SMT1 210203A7D855A' is selected.
15:58:37 INFO  : 'jtag frequency' command is executed.
15:58:37 INFO  : Context for 'APU' is selected.
15:58:37 INFO  : System reset is completed.
15:58:40 INFO  : 'after 3000' command is executed.
15:58:40 INFO  : 'targets -set -filter {jtag_cable_name =~ "Digilent JTAG-SMT1 210203A7D855A" && level==0 && jtag_device_ctx=="jsn-JTAG-SMT1-210203A7D855A-23727093-0"}' command is executed.
15:58:42 INFO  : Device configured successfully with "C:/Users/Taimoor/Desktop/SIVP/Vitis_IP_MAC/Vitis_IP_MAC/_ide/bitstream/IP_MAC_BD_wrapper.bit"
15:58:42 INFO  : Context for 'APU' is selected.
15:58:42 INFO  : Hardware design and registers information is loaded from 'C:/Users/Taimoor/Desktop/SIVP/Vitis_IP_MAC/IP_MAC_BD_wrapper/export/IP_MAC_BD_wrapper/hw/IP_MAC_BD_wrapper.xsa'.
15:58:42 INFO  : 'configparams force-mem-access 1' command is executed.
15:58:42 INFO  : Context for 'APU' is selected.
15:58:42 INFO  : Sourcing of 'C:/Users/Taimoor/Desktop/SIVP/Vitis_IP_MAC/Vitis_IP_MAC/_ide/psinit/ps7_init.tcl' is done.
15:58:43 INFO  : 'ps7_init' command is executed.
15:58:43 INFO  : 'ps7_post_config' command is executed.
15:58:43 INFO  : Context for processor 'ps7_cortexa9_0' is selected.
15:58:45 INFO  : The application 'C:/Users/Taimoor/Desktop/SIVP/Vitis_IP_MAC/Vitis_IP_MAC/Debug/Vitis_IP_MAC.elf' is downloaded to processor 'ps7_cortexa9_0'.
15:58:45 INFO  : 'configparams force-mem-access 0' command is executed.
15:58:45 INFO  : ----------------XSDB Script----------------
connect -url tcp:127.0.0.1:3121
targets -set -nocase -filter {name =~"APU*"}
rst -system
after 3000
targets -set -filter {jtag_cable_name =~ "Digilent JTAG-SMT1 210203A7D855A" && level==0 && jtag_device_ctx=="jsn-JTAG-SMT1-210203A7D855A-23727093-0"}
fpga -file C:/Users/Taimoor/Desktop/SIVP/Vitis_IP_MAC/Vitis_IP_MAC/_ide/bitstream/IP_MAC_BD_wrapper.bit
targets -set -nocase -filter {name =~"APU*"}
loadhw -hw C:/Users/Taimoor/Desktop/SIVP/Vitis_IP_MAC/IP_MAC_BD_wrapper/export/IP_MAC_BD_wrapper/hw/IP_MAC_BD_wrapper.xsa -mem-ranges [list {0x40000000 0xbfffffff}] -regs
configparams force-mem-access 1
targets -set -nocase -filter {name =~"APU*"}
source C:/Users/Taimoor/Desktop/SIVP/Vitis_IP_MAC/Vitis_IP_MAC/_ide/psinit/ps7_init.tcl
ps7_init
ps7_post_config
targets -set -nocase -filter {name =~ "*A9*#0"}
dow C:/Users/Taimoor/Desktop/SIVP/Vitis_IP_MAC/Vitis_IP_MAC/Debug/Vitis_IP_MAC.elf
configparams force-mem-access 0
----------------End of Script----------------

15:58:45 INFO  : Context for processor 'ps7_cortexa9_0' is selected.
15:58:45 INFO  : 'con' command is executed.
15:58:45 INFO  : ----------------XSDB Script (After Launch)----------------
targets -set -nocase -filter {name =~ "*A9*#0"}
con
----------------End of Script----------------

15:58:45 INFO  : Launch script is exported to file 'C:\Users\Taimoor\Desktop\SIVP\Vitis_IP_MAC\Vitis_IP_MAC_system\_ide\scripts\debugger_vitis_ip_mac-default.tcl'
16:11:46 INFO  : Hardware specification for platform project 'IP_MAC_BD_wrapper' is updated.
16:12:00 INFO  : Result from executing command 'getProjects': IP_MAC_BD_wrapper
16:12:00 INFO  : Result from executing command 'getPlatforms': IP_MAC_BD_wrapper|C:/Users/Taimoor/Desktop/SIVP/Vitis_IP_MAC/IP_MAC_BD_wrapper/export/IP_MAC_BD_wrapper/IP_MAC_BD_wrapper.xpfm
16:12:04 INFO  : Checking for BSP changes to sync application flags for project 'Vitis_IP_MAC'...
16:12:12 INFO  : Disconnected from the channel tcfchan#12.
16:12:13 INFO  : The hardware specfication used by project 'Vitis_IP_MAC' is out of sync with the platform. Resource files extracted from the hardware specfiication will be updated.
16:12:14 INFO  : The file 'C:\Users\Taimoor\Desktop\SIVP\Vitis_IP_MAC\Vitis_IP_MAC\_ide\bitstream\IP_MAC_BD_wrapper.bit' stored in project is removed.
16:12:14 INFO  : The updated bitstream files are copied from platform to folder 'C:\Users\Taimoor\Desktop\SIVP\Vitis_IP_MAC\Vitis_IP_MAC\_ide\bitstream' in project 'Vitis_IP_MAC'.
16:12:14 INFO  : The file 'C:\Users\Taimoor\Desktop\SIVP\Vitis_IP_MAC\Vitis_IP_MAC\_ide\psinit\ps7_init.tcl' stored in project is removed.
16:12:20 INFO  : The updated ps init files are copied from platform to folder 'C:\Users\Taimoor\Desktop\SIVP\Vitis_IP_MAC\Vitis_IP_MAC\_ide\psinit' in project 'Vitis_IP_MAC'.
16:12:20 INFO  : Connected to target on host '127.0.0.1' and port '3121'.
16:12:20 INFO  : Jtag cable 'Digilent JTAG-SMT1 210203A7D855A' is selected.
16:12:20 INFO  : 'jtag frequency' command is executed.
16:12:20 INFO  : Context for 'APU' is selected.
16:12:20 INFO  : System reset is completed.
16:12:23 INFO  : 'after 3000' command is executed.
16:12:23 INFO  : 'targets -set -filter {jtag_cable_name =~ "Digilent JTAG-SMT1 210203A7D855A" && level==0 && jtag_device_ctx=="jsn-JTAG-SMT1-210203A7D855A-23727093-0"}' command is executed.
16:12:26 INFO  : Device configured successfully with "C:/Users/Taimoor/Desktop/SIVP/Vitis_IP_MAC/Vitis_IP_MAC/_ide/bitstream/IP_MAC_BD_wrapper.bit"
16:12:26 INFO  : Context for 'APU' is selected.
16:12:26 INFO  : Hardware design and registers information is loaded from 'C:/Users/Taimoor/Desktop/SIVP/Vitis_IP_MAC/IP_MAC_BD_wrapper/export/IP_MAC_BD_wrapper/hw/IP_MAC_BD_wrapper.xsa'.
16:12:26 INFO  : 'configparams force-mem-access 1' command is executed.
16:12:26 INFO  : Context for 'APU' is selected.
16:12:26 INFO  : Sourcing of 'C:/Users/Taimoor/Desktop/SIVP/Vitis_IP_MAC/Vitis_IP_MAC/_ide/psinit/ps7_init.tcl' is done.
16:12:27 INFO  : 'ps7_init' command is executed.
16:12:27 INFO  : 'ps7_post_config' command is executed.
16:12:27 INFO  : Context for processor 'ps7_cortexa9_0' is selected.
16:12:30 INFO  : The application 'C:/Users/Taimoor/Desktop/SIVP/Vitis_IP_MAC/Vitis_IP_MAC/Debug/Vitis_IP_MAC.elf' is downloaded to processor 'ps7_cortexa9_0'.
16:12:30 INFO  : 'configparams force-mem-access 0' command is executed.
16:12:30 INFO  : ----------------XSDB Script----------------
connect -url tcp:127.0.0.1:3121
targets -set -nocase -filter {name =~"APU*"}
rst -system
after 3000
targets -set -filter {jtag_cable_name =~ "Digilent JTAG-SMT1 210203A7D855A" && level==0 && jtag_device_ctx=="jsn-JTAG-SMT1-210203A7D855A-23727093-0"}
fpga -file C:/Users/Taimoor/Desktop/SIVP/Vitis_IP_MAC/Vitis_IP_MAC/_ide/bitstream/IP_MAC_BD_wrapper.bit
targets -set -nocase -filter {name =~"APU*"}
loadhw -hw C:/Users/Taimoor/Desktop/SIVP/Vitis_IP_MAC/IP_MAC_BD_wrapper/export/IP_MAC_BD_wrapper/hw/IP_MAC_BD_wrapper.xsa -mem-ranges [list {0x40000000 0xbfffffff}] -regs
configparams force-mem-access 1
targets -set -nocase -filter {name =~"APU*"}
source C:/Users/Taimoor/Desktop/SIVP/Vitis_IP_MAC/Vitis_IP_MAC/_ide/psinit/ps7_init.tcl
ps7_init
ps7_post_config
targets -set -nocase -filter {name =~ "*A9*#0"}
dow C:/Users/Taimoor/Desktop/SIVP/Vitis_IP_MAC/Vitis_IP_MAC/Debug/Vitis_IP_MAC.elf
configparams force-mem-access 0
----------------End of Script----------------

16:12:30 INFO  : Context for processor 'ps7_cortexa9_0' is selected.
16:12:30 INFO  : 'con' command is executed.
16:12:30 INFO  : ----------------XSDB Script (After Launch)----------------
targets -set -nocase -filter {name =~ "*A9*#0"}
con
----------------End of Script----------------

16:12:30 INFO  : Launch script is exported to file 'C:\Users\Taimoor\Desktop\SIVP\Vitis_IP_MAC\Vitis_IP_MAC_system\_ide\scripts\debugger_vitis_ip_mac-default.tcl'
16:30:48 INFO  : Hardware specification for platform project 'IP_MAC_BD_wrapper' is updated.
16:31:02 INFO  : Result from executing command 'getProjects': IP_MAC_BD_wrapper
16:31:02 INFO  : Result from executing command 'getPlatforms': IP_MAC_BD_wrapper|C:/Users/Taimoor/Desktop/SIVP/Vitis_IP_MAC/IP_MAC_BD_wrapper/export/IP_MAC_BD_wrapper/IP_MAC_BD_wrapper.xpfm
16:31:06 INFO  : Checking for BSP changes to sync application flags for project 'Vitis_IP_MAC'...
16:31:11 INFO  : Checking for BSP changes to sync application flags for project 'Vitis_IP_MAC'...
16:31:19 INFO  : Disconnected from the channel tcfchan#14.
16:31:20 INFO  : The hardware specfication used by project 'Vitis_IP_MAC' is out of sync with the platform. Resource files extracted from the hardware specfiication will be updated.
16:31:20 INFO  : The file 'C:\Users\Taimoor\Desktop\SIVP\Vitis_IP_MAC\Vitis_IP_MAC\_ide\bitstream\IP_MAC_BD_wrapper.bit' stored in project is removed.
16:31:20 INFO  : The updated bitstream files are copied from platform to folder 'C:\Users\Taimoor\Desktop\SIVP\Vitis_IP_MAC\Vitis_IP_MAC\_ide\bitstream' in project 'Vitis_IP_MAC'.
16:31:20 INFO  : The file 'C:\Users\Taimoor\Desktop\SIVP\Vitis_IP_MAC\Vitis_IP_MAC\_ide\psinit\ps7_init.tcl' stored in project is removed.
16:31:29 INFO  : The updated ps init files are copied from platform to folder 'C:\Users\Taimoor\Desktop\SIVP\Vitis_IP_MAC\Vitis_IP_MAC\_ide\psinit' in project 'Vitis_IP_MAC'.
16:31:29 INFO  : Connected to target on host '127.0.0.1' and port '3121'.
16:31:29 INFO  : Jtag cable 'Digilent JTAG-SMT1 210203A7D855A' is selected.
16:31:29 INFO  : 'jtag frequency' command is executed.
16:31:29 INFO  : Context for 'APU' is selected.
16:31:29 INFO  : System reset is completed.
16:31:32 INFO  : 'after 3000' command is executed.
16:31:33 INFO  : 'targets -set -filter {jtag_cable_name =~ "Digilent JTAG-SMT1 210203A7D855A" && level==0 && jtag_device_ctx=="jsn-JTAG-SMT1-210203A7D855A-23727093-0"}' command is executed.
16:31:35 INFO  : Device configured successfully with "C:/Users/Taimoor/Desktop/SIVP/Vitis_IP_MAC/Vitis_IP_MAC/_ide/bitstream/IP_MAC_BD_wrapper.bit"
16:31:35 INFO  : Context for 'APU' is selected.
16:31:36 INFO  : Hardware design and registers information is loaded from 'C:/Users/Taimoor/Desktop/SIVP/Vitis_IP_MAC/IP_MAC_BD_wrapper/export/IP_MAC_BD_wrapper/hw/IP_MAC_BD_wrapper.xsa'.
16:31:36 INFO  : 'configparams force-mem-access 1' command is executed.
16:31:36 INFO  : Context for 'APU' is selected.
16:31:36 INFO  : Sourcing of 'C:/Users/Taimoor/Desktop/SIVP/Vitis_IP_MAC/Vitis_IP_MAC/_ide/psinit/ps7_init.tcl' is done.
16:31:37 INFO  : 'ps7_init' command is executed.
16:31:37 INFO  : 'ps7_post_config' command is executed.
16:31:37 INFO  : Context for processor 'ps7_cortexa9_0' is selected.
16:31:40 INFO  : The application 'C:/Users/Taimoor/Desktop/SIVP/Vitis_IP_MAC/Vitis_IP_MAC/Debug/Vitis_IP_MAC.elf' is downloaded to processor 'ps7_cortexa9_0'.
16:31:40 INFO  : 'configparams force-mem-access 0' command is executed.
16:31:40 INFO  : ----------------XSDB Script----------------
connect -url tcp:127.0.0.1:3121
targets -set -nocase -filter {name =~"APU*"}
rst -system
after 3000
targets -set -filter {jtag_cable_name =~ "Digilent JTAG-SMT1 210203A7D855A" && level==0 && jtag_device_ctx=="jsn-JTAG-SMT1-210203A7D855A-23727093-0"}
fpga -file C:/Users/Taimoor/Desktop/SIVP/Vitis_IP_MAC/Vitis_IP_MAC/_ide/bitstream/IP_MAC_BD_wrapper.bit
targets -set -nocase -filter {name =~"APU*"}
loadhw -hw C:/Users/Taimoor/Desktop/SIVP/Vitis_IP_MAC/IP_MAC_BD_wrapper/export/IP_MAC_BD_wrapper/hw/IP_MAC_BD_wrapper.xsa -mem-ranges [list {0x40000000 0xbfffffff}] -regs
configparams force-mem-access 1
targets -set -nocase -filter {name =~"APU*"}
source C:/Users/Taimoor/Desktop/SIVP/Vitis_IP_MAC/Vitis_IP_MAC/_ide/psinit/ps7_init.tcl
ps7_init
ps7_post_config
targets -set -nocase -filter {name =~ "*A9*#0"}
dow C:/Users/Taimoor/Desktop/SIVP/Vitis_IP_MAC/Vitis_IP_MAC/Debug/Vitis_IP_MAC.elf
configparams force-mem-access 0
----------------End of Script----------------

16:31:40 INFO  : Context for processor 'ps7_cortexa9_0' is selected.
16:31:40 INFO  : 'con' command is executed.
16:31:40 INFO  : ----------------XSDB Script (After Launch)----------------
targets -set -nocase -filter {name =~ "*A9*#0"}
con
----------------End of Script----------------

16:31:40 INFO  : Launch script is exported to file 'C:\Users\Taimoor\Desktop\SIVP\Vitis_IP_MAC\Vitis_IP_MAC_system\_ide\scripts\debugger_vitis_ip_mac-default.tcl'
16:32:34 INFO  : Disconnected from the channel tcfchan#16.
16:50:28 INFO  : Launching XSCT server: xsct.bat -n  -interactive C:\Users\Taimoor\Desktop\SIVP\Vitis_IP_MAC\temp_xsdb_launch_script.tcl
16:50:31 INFO  : XSCT server has started successfully.
16:50:31 INFO  : plnx-install-location is set to ''
16:50:31 INFO  : Successfully done setting XSCT server connection channel  
16:50:31 INFO  : Successfully done setting workspace for the tool. 
16:50:33 INFO  : Platform repository initialization has completed.
16:50:33 INFO  : Registering command handlers for Vitis TCF services
16:50:39 INFO  : Successfully done query RDI_DATADIR 
16:51:28 INFO  : Hardware specification for platform project 'IP_MAC_BD_wrapper' is updated.
16:51:42 INFO  : Result from executing command 'getProjects': IP_MAC_BD_wrapper
16:51:42 INFO  : Result from executing command 'getPlatforms': IP_MAC_BD_wrapper|C:/Users/Taimoor/Desktop/SIVP/Vitis_IP_MAC/IP_MAC_BD_wrapper/export/IP_MAC_BD_wrapper/IP_MAC_BD_wrapper.xpfm
16:51:45 INFO  : Checking for BSP changes to sync application flags for project 'Vitis_IP_MAC'...
16:51:51 INFO  : The hardware specfication used by project 'Vitis_IP_MAC' is out of sync with the platform. Resource files extracted from the hardware specfiication will be updated.
16:51:51 INFO  : The file 'C:\Users\Taimoor\Desktop\SIVP\Vitis_IP_MAC\Vitis_IP_MAC\_ide\bitstream\IP_MAC_BD_wrapper.bit' stored in project is removed.
16:51:51 INFO  : The updated bitstream files are copied from platform to folder 'C:\Users\Taimoor\Desktop\SIVP\Vitis_IP_MAC\Vitis_IP_MAC\_ide\bitstream' in project 'Vitis_IP_MAC'.
16:51:51 INFO  : The file 'C:\Users\Taimoor\Desktop\SIVP\Vitis_IP_MAC\Vitis_IP_MAC\_ide\psinit\ps7_init.tcl' stored in project is removed.
16:51:58 INFO  : The updated ps init files are copied from platform to folder 'C:\Users\Taimoor\Desktop\SIVP\Vitis_IP_MAC\Vitis_IP_MAC\_ide\psinit' in project 'Vitis_IP_MAC'.
16:52:01 INFO  : Connected to target on host '127.0.0.1' and port '3121'.
16:52:01 INFO  : Jtag cable 'Digilent JTAG-SMT1 210203A7D855A' is selected.
16:52:01 INFO  : 'jtag frequency' command is executed.
16:52:01 INFO  : Context for 'APU' is selected.
16:52:01 INFO  : System reset is completed.
16:52:04 INFO  : 'after 3000' command is executed.
16:52:04 INFO  : 'targets -set -filter {jtag_cable_name =~ "Digilent JTAG-SMT1 210203A7D855A" && level==0 && jtag_device_ctx=="jsn-JTAG-SMT1-210203A7D855A-23727093-0"}' command is executed.
16:52:07 INFO  : Device configured successfully with "C:/Users/Taimoor/Desktop/SIVP/Vitis_IP_MAC/Vitis_IP_MAC/_ide/bitstream/IP_MAC_BD_wrapper.bit"
16:52:07 INFO  : Context for 'APU' is selected.
16:52:07 INFO  : Hardware design and registers information is loaded from 'C:/Users/Taimoor/Desktop/SIVP/Vitis_IP_MAC/IP_MAC_BD_wrapper/export/IP_MAC_BD_wrapper/hw/IP_MAC_BD_wrapper.xsa'.
16:52:07 INFO  : 'configparams force-mem-access 1' command is executed.
16:52:07 INFO  : Context for 'APU' is selected.
16:52:07 INFO  : Sourcing of 'C:/Users/Taimoor/Desktop/SIVP/Vitis_IP_MAC/Vitis_IP_MAC/_ide/psinit/ps7_init.tcl' is done.
16:52:07 INFO  : 'ps7_init' command is executed.
16:52:07 INFO  : 'ps7_post_config' command is executed.
16:52:07 INFO  : Context for processor 'ps7_cortexa9_0' is selected.
16:52:10 INFO  : The application 'C:/Users/Taimoor/Desktop/SIVP/Vitis_IP_MAC/Vitis_IP_MAC/Debug/Vitis_IP_MAC.elf' is downloaded to processor 'ps7_cortexa9_0'.
16:52:10 INFO  : 'configparams force-mem-access 0' command is executed.
16:52:10 INFO  : ----------------XSDB Script----------------
connect -url tcp:127.0.0.1:3121
targets -set -nocase -filter {name =~"APU*"}
rst -system
after 3000
targets -set -filter {jtag_cable_name =~ "Digilent JTAG-SMT1 210203A7D855A" && level==0 && jtag_device_ctx=="jsn-JTAG-SMT1-210203A7D855A-23727093-0"}
fpga -file C:/Users/Taimoor/Desktop/SIVP/Vitis_IP_MAC/Vitis_IP_MAC/_ide/bitstream/IP_MAC_BD_wrapper.bit
targets -set -nocase -filter {name =~"APU*"}
loadhw -hw C:/Users/Taimoor/Desktop/SIVP/Vitis_IP_MAC/IP_MAC_BD_wrapper/export/IP_MAC_BD_wrapper/hw/IP_MAC_BD_wrapper.xsa -mem-ranges [list {0x40000000 0xbfffffff}] -regs
configparams force-mem-access 1
targets -set -nocase -filter {name =~"APU*"}
source C:/Users/Taimoor/Desktop/SIVP/Vitis_IP_MAC/Vitis_IP_MAC/_ide/psinit/ps7_init.tcl
ps7_init
ps7_post_config
targets -set -nocase -filter {name =~ "*A9*#0"}
dow C:/Users/Taimoor/Desktop/SIVP/Vitis_IP_MAC/Vitis_IP_MAC/Debug/Vitis_IP_MAC.elf
configparams force-mem-access 0
----------------End of Script----------------

16:52:10 INFO  : Context for processor 'ps7_cortexa9_0' is selected.
16:52:10 INFO  : 'con' command is executed.
16:52:10 INFO  : ----------------XSDB Script (After Launch)----------------
targets -set -nocase -filter {name =~ "*A9*#0"}
con
----------------End of Script----------------

16:52:10 INFO  : Launch script is exported to file 'C:\Users\Taimoor\Desktop\SIVP\Vitis_IP_MAC\Vitis_IP_MAC_system\_ide\scripts\debugger_vitis_ip_mac-default.tcl'
16:52:24 INFO  : Disconnected from the channel tcfchan#2.
16:52:25 INFO  : Connected to target on host '127.0.0.1' and port '3121'.
16:52:25 INFO  : Jtag cable 'Digilent JTAG-SMT1 210203A7D855A' is selected.
16:52:25 INFO  : 'jtag frequency' command is executed.
16:52:25 INFO  : Context for 'APU' is selected.
16:52:26 INFO  : System reset is completed.
16:52:29 INFO  : 'after 3000' command is executed.
16:52:29 INFO  : 'targets -set -filter {jtag_cable_name =~ "Digilent JTAG-SMT1 210203A7D855A" && level==0 && jtag_device_ctx=="jsn-JTAG-SMT1-210203A7D855A-23727093-0"}' command is executed.
16:52:31 INFO  : Device configured successfully with "C:/Users/Taimoor/Desktop/SIVP/Vitis_IP_MAC/Vitis_IP_MAC/_ide/bitstream/IP_MAC_BD_wrapper.bit"
16:52:31 INFO  : Context for 'APU' is selected.
16:52:31 INFO  : Hardware design and registers information is loaded from 'C:/Users/Taimoor/Desktop/SIVP/Vitis_IP_MAC/IP_MAC_BD_wrapper/export/IP_MAC_BD_wrapper/hw/IP_MAC_BD_wrapper.xsa'.
16:52:31 INFO  : 'configparams force-mem-access 1' command is executed.
16:52:31 INFO  : Context for 'APU' is selected.
16:52:31 INFO  : Sourcing of 'C:/Users/Taimoor/Desktop/SIVP/Vitis_IP_MAC/Vitis_IP_MAC/_ide/psinit/ps7_init.tcl' is done.
16:52:31 INFO  : 'ps7_init' command is executed.
16:52:31 INFO  : 'ps7_post_config' command is executed.
16:52:31 INFO  : Context for processor 'ps7_cortexa9_0' is selected.
16:52:34 INFO  : The application 'C:/Users/Taimoor/Desktop/SIVP/Vitis_IP_MAC/Vitis_IP_MAC/Debug/Vitis_IP_MAC.elf' is downloaded to processor 'ps7_cortexa9_0'.
16:52:34 INFO  : 'configparams force-mem-access 0' command is executed.
16:52:34 INFO  : ----------------XSDB Script----------------
connect -url tcp:127.0.0.1:3121
targets -set -nocase -filter {name =~"APU*"}
rst -system
after 3000
targets -set -filter {jtag_cable_name =~ "Digilent JTAG-SMT1 210203A7D855A" && level==0 && jtag_device_ctx=="jsn-JTAG-SMT1-210203A7D855A-23727093-0"}
fpga -file C:/Users/Taimoor/Desktop/SIVP/Vitis_IP_MAC/Vitis_IP_MAC/_ide/bitstream/IP_MAC_BD_wrapper.bit
targets -set -nocase -filter {name =~"APU*"}
loadhw -hw C:/Users/Taimoor/Desktop/SIVP/Vitis_IP_MAC/IP_MAC_BD_wrapper/export/IP_MAC_BD_wrapper/hw/IP_MAC_BD_wrapper.xsa -mem-ranges [list {0x40000000 0xbfffffff}] -regs
configparams force-mem-access 1
targets -set -nocase -filter {name =~"APU*"}
source C:/Users/Taimoor/Desktop/SIVP/Vitis_IP_MAC/Vitis_IP_MAC/_ide/psinit/ps7_init.tcl
ps7_init
ps7_post_config
targets -set -nocase -filter {name =~ "*A9*#0"}
dow C:/Users/Taimoor/Desktop/SIVP/Vitis_IP_MAC/Vitis_IP_MAC/Debug/Vitis_IP_MAC.elf
configparams force-mem-access 0
----------------End of Script----------------

16:52:34 INFO  : Context for processor 'ps7_cortexa9_0' is selected.
16:52:34 INFO  : 'con' command is executed.
16:52:34 INFO  : ----------------XSDB Script (After Launch)----------------
targets -set -nocase -filter {name =~ "*A9*#0"}
con
----------------End of Script----------------

16:52:34 INFO  : Launch script is exported to file 'C:\Users\Taimoor\Desktop\SIVP\Vitis_IP_MAC\Vitis_IP_MAC_system\_ide\scripts\debugger_vitis_ip_mac-default.tcl'
16:54:02 INFO  : Disconnected from the channel tcfchan#3.
16:54:03 INFO  : Connected to target on host '127.0.0.1' and port '3121'.
16:54:03 INFO  : Jtag cable 'Digilent JTAG-SMT1 210203A7D855A' is selected.
16:54:03 INFO  : 'jtag frequency' command is executed.
16:54:03 INFO  : Context for 'APU' is selected.
16:54:03 INFO  : System reset is completed.
16:54:06 INFO  : 'after 3000' command is executed.
16:54:06 INFO  : 'targets -set -filter {jtag_cable_name =~ "Digilent JTAG-SMT1 210203A7D855A" && level==0 && jtag_device_ctx=="jsn-JTAG-SMT1-210203A7D855A-23727093-0"}' command is executed.
16:54:08 INFO  : Device configured successfully with "C:/Users/Taimoor/Desktop/SIVP/Vitis_IP_MAC/Vitis_IP_MAC/_ide/bitstream/IP_MAC_BD_wrapper.bit"
16:54:08 INFO  : Context for 'APU' is selected.
16:54:08 INFO  : Hardware design and registers information is loaded from 'C:/Users/Taimoor/Desktop/SIVP/Vitis_IP_MAC/IP_MAC_BD_wrapper/export/IP_MAC_BD_wrapper/hw/IP_MAC_BD_wrapper.xsa'.
16:54:08 INFO  : 'configparams force-mem-access 1' command is executed.
16:54:08 INFO  : Context for 'APU' is selected.
16:54:08 INFO  : Sourcing of 'C:/Users/Taimoor/Desktop/SIVP/Vitis_IP_MAC/Vitis_IP_MAC/_ide/psinit/ps7_init.tcl' is done.
16:54:09 INFO  : 'ps7_init' command is executed.
16:54:09 INFO  : 'ps7_post_config' command is executed.
16:54:09 INFO  : Context for processor 'ps7_cortexa9_0' is selected.
16:54:11 INFO  : The application 'C:/Users/Taimoor/Desktop/SIVP/Vitis_IP_MAC/Vitis_IP_MAC/Debug/Vitis_IP_MAC.elf' is downloaded to processor 'ps7_cortexa9_0'.
16:54:11 INFO  : 'configparams force-mem-access 0' command is executed.
16:54:11 INFO  : ----------------XSDB Script----------------
connect -url tcp:127.0.0.1:3121
targets -set -nocase -filter {name =~"APU*"}
rst -system
after 3000
targets -set -filter {jtag_cable_name =~ "Digilent JTAG-SMT1 210203A7D855A" && level==0 && jtag_device_ctx=="jsn-JTAG-SMT1-210203A7D855A-23727093-0"}
fpga -file C:/Users/Taimoor/Desktop/SIVP/Vitis_IP_MAC/Vitis_IP_MAC/_ide/bitstream/IP_MAC_BD_wrapper.bit
targets -set -nocase -filter {name =~"APU*"}
loadhw -hw C:/Users/Taimoor/Desktop/SIVP/Vitis_IP_MAC/IP_MAC_BD_wrapper/export/IP_MAC_BD_wrapper/hw/IP_MAC_BD_wrapper.xsa -mem-ranges [list {0x40000000 0xbfffffff}] -regs
configparams force-mem-access 1
targets -set -nocase -filter {name =~"APU*"}
source C:/Users/Taimoor/Desktop/SIVP/Vitis_IP_MAC/Vitis_IP_MAC/_ide/psinit/ps7_init.tcl
ps7_init
ps7_post_config
targets -set -nocase -filter {name =~ "*A9*#0"}
dow C:/Users/Taimoor/Desktop/SIVP/Vitis_IP_MAC/Vitis_IP_MAC/Debug/Vitis_IP_MAC.elf
configparams force-mem-access 0
----------------End of Script----------------

16:54:11 INFO  : Context for processor 'ps7_cortexa9_0' is selected.
16:54:11 INFO  : 'con' command is executed.
16:54:11 INFO  : ----------------XSDB Script (After Launch)----------------
targets -set -nocase -filter {name =~ "*A9*#0"}
con
----------------End of Script----------------

16:54:11 INFO  : Launch script is exported to file 'C:\Users\Taimoor\Desktop\SIVP\Vitis_IP_MAC\Vitis_IP_MAC_system\_ide\scripts\debugger_vitis_ip_mac-default.tcl'
00:30:45 INFO  : Disconnected from the channel tcfchan#4.
16:48:48 INFO  : Launching XSCT server: xsct.bat -n  -interactive C:\Users\Taimoor\Desktop\SIVP\Vitis_IP_MAC\temp_xsdb_launch_script.tcl
16:48:51 INFO  : XSCT server has started successfully.
16:48:51 INFO  : plnx-install-location is set to ''
16:48:51 INFO  : Successfully done setting XSCT server connection channel  
16:48:51 INFO  : Successfully done setting workspace for the tool. 
16:48:56 INFO  : Platform repository initialization has completed.
16:48:56 INFO  : Registering command handlers for Vitis TCF services
16:49:02 INFO  : Successfully done query RDI_DATADIR 
17:19:47 INFO  : Launching XSCT server: xsct.bat -n  -interactive C:\Users\Taimoor\Desktop\SIVP\Vitis_IP_MAC\temp_xsdb_launch_script.tcl
17:19:50 INFO  : XSCT server has started successfully.
17:19:50 INFO  : Successfully done setting XSCT server connection channel  
17:19:50 INFO  : plnx-install-location is set to ''
17:19:50 INFO  : Successfully done setting workspace for the tool. 
17:19:54 INFO  : Platform repository initialization has completed.
17:19:54 INFO  : Registering command handlers for Vitis TCF services
17:20:04 INFO  : Successfully done query RDI_DATADIR 
17:22:43 INFO  : Connected to target on host '127.0.0.1' and port '3121'.
17:22:43 INFO  : Jtag cable 'Digilent JTAG-SMT1 210203A7D855A' is selected.
17:22:43 INFO  : 'jtag frequency' command is executed.
17:22:43 INFO  : Context for 'APU' is selected.
17:22:43 INFO  : System reset is completed.
17:22:46 INFO  : 'after 3000' command is executed.
17:22:47 INFO  : 'targets -set -filter {jtag_cable_name =~ "Digilent JTAG-SMT1 210203A7D855A" && level==0 && jtag_device_ctx=="jsn-JTAG-SMT1-210203A7D855A-23727093-0"}' command is executed.
17:22:49 INFO  : Device configured successfully with "C:/Users/Taimoor/Desktop/SIVP/Vitis_IP_MAC/Vitis_IP_MAC/_ide/bitstream/IP_MAC_BD_wrapper.bit"
17:22:49 INFO  : Context for 'APU' is selected.
17:22:49 INFO  : Hardware design and registers information is loaded from 'C:/Users/Taimoor/Desktop/SIVP/Vitis_IP_MAC/IP_MAC_BD_wrapper/export/IP_MAC_BD_wrapper/hw/IP_MAC_BD_wrapper.xsa'.
17:22:49 INFO  : 'configparams force-mem-access 1' command is executed.
17:22:49 INFO  : Context for 'APU' is selected.
17:22:49 INFO  : Sourcing of 'C:/Users/Taimoor/Desktop/SIVP/Vitis_IP_MAC/Vitis_IP_MAC/_ide/psinit/ps7_init.tcl' is done.
17:22:50 INFO  : 'ps7_init' command is executed.
17:22:50 INFO  : 'ps7_post_config' command is executed.
17:22:50 INFO  : Context for processor 'ps7_cortexa9_0' is selected.
17:22:53 INFO  : The application 'C:/Users/Taimoor/Desktop/SIVP/Vitis_IP_MAC/Vitis_IP_MAC/Debug/Vitis_IP_MAC.elf' is downloaded to processor 'ps7_cortexa9_0'.
17:22:53 INFO  : 'configparams force-mem-access 0' command is executed.
17:22:53 INFO  : ----------------XSDB Script----------------
connect -url tcp:127.0.0.1:3121
targets -set -nocase -filter {name =~"APU*"}
rst -system
after 3000
targets -set -filter {jtag_cable_name =~ "Digilent JTAG-SMT1 210203A7D855A" && level==0 && jtag_device_ctx=="jsn-JTAG-SMT1-210203A7D855A-23727093-0"}
fpga -file C:/Users/Taimoor/Desktop/SIVP/Vitis_IP_MAC/Vitis_IP_MAC/_ide/bitstream/IP_MAC_BD_wrapper.bit
targets -set -nocase -filter {name =~"APU*"}
loadhw -hw C:/Users/Taimoor/Desktop/SIVP/Vitis_IP_MAC/IP_MAC_BD_wrapper/export/IP_MAC_BD_wrapper/hw/IP_MAC_BD_wrapper.xsa -mem-ranges [list {0x40000000 0xbfffffff}] -regs
configparams force-mem-access 1
targets -set -nocase -filter {name =~"APU*"}
source C:/Users/Taimoor/Desktop/SIVP/Vitis_IP_MAC/Vitis_IP_MAC/_ide/psinit/ps7_init.tcl
ps7_init
ps7_post_config
targets -set -nocase -filter {name =~ "*A9*#0"}
dow C:/Users/Taimoor/Desktop/SIVP/Vitis_IP_MAC/Vitis_IP_MAC/Debug/Vitis_IP_MAC.elf
configparams force-mem-access 0
----------------End of Script----------------

17:22:53 INFO  : Context for processor 'ps7_cortexa9_0' is selected.
17:22:53 INFO  : 'con' command is executed.
17:22:53 INFO  : ----------------XSDB Script (After Launch)----------------
targets -set -nocase -filter {name =~ "*A9*#0"}
con
----------------End of Script----------------

17:22:53 INFO  : Launch script is exported to file 'C:\Users\Taimoor\Desktop\SIVP\Vitis_IP_MAC\Vitis_IP_MAC_system\_ide\scripts\debugger_vitis_ip_mac-default.tcl'
18:47:26 INFO  : Launching XSCT server: xsct.bat -n  -interactive C:\Users\Taimoor\Desktop\SIVP\Vitis_IP_MAC\temp_xsdb_launch_script.tcl
23:42:15 INFO  : Launching XSCT server: xsct.bat -n  -interactive C:\Users\Taimoor\Desktop\SIVP\Vitis_IP_MAC\temp_xsdb_launch_script.tcl
23:42:18 INFO  : XSCT server has started successfully.
23:42:18 INFO  : plnx-install-location is set to ''
23:42:18 INFO  : Successfully done setting XSCT server connection channel  
23:42:18 INFO  : Successfully done setting workspace for the tool. 
23:42:22 INFO  : Platform repository initialization has completed.
23:42:23 INFO  : Registering command handlers for Vitis TCF services
23:42:31 INFO  : Successfully done query RDI_DATADIR 
23:58:22 INFO  : Hardware specification for platform project 'IP_MAC_BD_wrapper' is updated.
23:58:36 INFO  : Result from executing command 'getProjects': IP_MAC_BD_wrapper
23:58:36 INFO  : Result from executing command 'getPlatforms': IP_MAC_BD_wrapper|C:/Users/Taimoor/Desktop/SIVP/Vitis_IP_MAC/IP_MAC_BD_wrapper/export/IP_MAC_BD_wrapper/IP_MAC_BD_wrapper.xpfm
23:58:42 INFO  : Checking for BSP changes to sync application flags for project 'Vitis_IP_MAC'...
23:58:56 INFO  : The hardware specfication used by project 'Vitis_IP_MAC' is out of sync with the platform. Resource files extracted from the hardware specfiication will be updated.
23:58:56 INFO  : The file 'C:\Users\Taimoor\Desktop\SIVP\Vitis_IP_MAC\Vitis_IP_MAC\_ide\bitstream\IP_MAC_BD_wrapper.bit' stored in project is removed.
23:58:56 INFO  : The updated bitstream files are copied from platform to folder 'C:\Users\Taimoor\Desktop\SIVP\Vitis_IP_MAC\Vitis_IP_MAC\_ide\bitstream' in project 'Vitis_IP_MAC'.
23:58:56 INFO  : The file 'C:\Users\Taimoor\Desktop\SIVP\Vitis_IP_MAC\Vitis_IP_MAC\_ide\psinit\ps7_init.tcl' stored in project is removed.
23:59:02 INFO  : The updated ps init files are copied from platform to folder 'C:\Users\Taimoor\Desktop\SIVP\Vitis_IP_MAC\Vitis_IP_MAC\_ide\psinit' in project 'Vitis_IP_MAC'.
23:59:02 INFO  : Connected to target on host '127.0.0.1' and port '3121'.
23:59:02 INFO  : Jtag cable 'Digilent JTAG-SMT1 210203A7D855A' is selected.
23:59:02 INFO  : 'jtag frequency' command is executed.
23:59:02 INFO  : Context for 'APU' is selected.
23:59:02 INFO  : System reset is completed.
23:59:05 INFO  : 'after 3000' command is executed.
23:59:06 INFO  : 'targets -set -filter {jtag_cable_name =~ "Digilent JTAG-SMT1 210203A7D855A" && level==0 && jtag_device_ctx=="jsn-JTAG-SMT1-210203A7D855A-23727093-0"}' command is executed.
23:59:08 INFO  : Device configured successfully with "C:/Users/Taimoor/Desktop/SIVP/Vitis_IP_MAC/Vitis_IP_MAC/_ide/bitstream/IP_MAC_BD_wrapper.bit"
23:59:08 INFO  : Context for 'APU' is selected.
23:59:08 INFO  : Hardware design and registers information is loaded from 'C:/Users/Taimoor/Desktop/SIVP/Vitis_IP_MAC/IP_MAC_BD_wrapper/export/IP_MAC_BD_wrapper/hw/IP_MAC_BD_wrapper.xsa'.
23:59:08 INFO  : 'configparams force-mem-access 1' command is executed.
23:59:08 INFO  : Context for 'APU' is selected.
23:59:08 INFO  : Sourcing of 'C:/Users/Taimoor/Desktop/SIVP/Vitis_IP_MAC/Vitis_IP_MAC/_ide/psinit/ps7_init.tcl' is done.
23:59:08 INFO  : 'ps7_init' command is executed.
23:59:08 INFO  : 'ps7_post_config' command is executed.
23:59:08 INFO  : Context for processor 'ps7_cortexa9_0' is selected.
23:59:11 INFO  : The application 'C:/Users/Taimoor/Desktop/SIVP/Vitis_IP_MAC/Vitis_IP_MAC/Debug/Vitis_IP_MAC.elf' is downloaded to processor 'ps7_cortexa9_0'.
23:59:11 INFO  : 'configparams force-mem-access 0' command is executed.
23:59:11 INFO  : ----------------XSDB Script----------------
connect -url tcp:127.0.0.1:3121
targets -set -nocase -filter {name =~"APU*"}
rst -system
after 3000
targets -set -filter {jtag_cable_name =~ "Digilent JTAG-SMT1 210203A7D855A" && level==0 && jtag_device_ctx=="jsn-JTAG-SMT1-210203A7D855A-23727093-0"}
fpga -file C:/Users/Taimoor/Desktop/SIVP/Vitis_IP_MAC/Vitis_IP_MAC/_ide/bitstream/IP_MAC_BD_wrapper.bit
targets -set -nocase -filter {name =~"APU*"}
loadhw -hw C:/Users/Taimoor/Desktop/SIVP/Vitis_IP_MAC/IP_MAC_BD_wrapper/export/IP_MAC_BD_wrapper/hw/IP_MAC_BD_wrapper.xsa -mem-ranges [list {0x40000000 0xbfffffff}] -regs
configparams force-mem-access 1
targets -set -nocase -filter {name =~"APU*"}
source C:/Users/Taimoor/Desktop/SIVP/Vitis_IP_MAC/Vitis_IP_MAC/_ide/psinit/ps7_init.tcl
ps7_init
ps7_post_config
targets -set -nocase -filter {name =~ "*A9*#0"}
dow C:/Users/Taimoor/Desktop/SIVP/Vitis_IP_MAC/Vitis_IP_MAC/Debug/Vitis_IP_MAC.elf
configparams force-mem-access 0
----------------End of Script----------------

23:59:11 INFO  : Context for processor 'ps7_cortexa9_0' is selected.
23:59:11 INFO  : 'con' command is executed.
23:59:11 INFO  : ----------------XSDB Script (After Launch)----------------
targets -set -nocase -filter {name =~ "*A9*#0"}
con
----------------End of Script----------------

23:59:11 INFO  : Launch script is exported to file 'C:\Users\Taimoor\Desktop\SIVP\Vitis_IP_MAC\Vitis_IP_MAC_system\_ide\scripts\debugger_vitis_ip_mac-default.tcl'
00:13:44 INFO  : Disconnected from the channel tcfchan#2.
00:13:45 INFO  : Connected to target on host '127.0.0.1' and port '3121'.
00:13:45 INFO  : Jtag cable 'Digilent JTAG-SMT1 210203A7D855A' is selected.
00:13:45 INFO  : 'jtag frequency' command is executed.
00:13:45 INFO  : Context for 'APU' is selected.
00:13:45 INFO  : System reset is completed.
00:13:48 INFO  : 'after 3000' command is executed.
00:13:48 INFO  : 'targets -set -filter {jtag_cable_name =~ "Digilent JTAG-SMT1 210203A7D855A" && level==0 && jtag_device_ctx=="jsn-JTAG-SMT1-210203A7D855A-23727093-0"}' command is executed.
00:13:51 INFO  : Device configured successfully with "C:/Users/Taimoor/Desktop/SIVP/Vitis_IP_MAC/Vitis_IP_MAC/_ide/bitstream/IP_MAC_BD_wrapper.bit"
00:13:51 INFO  : Context for 'APU' is selected.
00:13:51 INFO  : Hardware design and registers information is loaded from 'C:/Users/Taimoor/Desktop/SIVP/Vitis_IP_MAC/IP_MAC_BD_wrapper/export/IP_MAC_BD_wrapper/hw/IP_MAC_BD_wrapper.xsa'.
00:13:51 INFO  : 'configparams force-mem-access 1' command is executed.
00:13:51 INFO  : Context for 'APU' is selected.
00:13:51 INFO  : Sourcing of 'C:/Users/Taimoor/Desktop/SIVP/Vitis_IP_MAC/Vitis_IP_MAC/_ide/psinit/ps7_init.tcl' is done.
00:13:51 INFO  : 'ps7_init' command is executed.
00:13:51 INFO  : 'ps7_post_config' command is executed.
00:13:51 INFO  : Context for processor 'ps7_cortexa9_0' is selected.
00:13:53 INFO  : The application 'C:/Users/Taimoor/Desktop/SIVP/Vitis_IP_MAC/Vitis_IP_MAC/Debug/Vitis_IP_MAC.elf' is downloaded to processor 'ps7_cortexa9_0'.
00:13:53 INFO  : 'configparams force-mem-access 0' command is executed.
00:13:53 INFO  : ----------------XSDB Script----------------
connect -url tcp:127.0.0.1:3121
targets -set -nocase -filter {name =~"APU*"}
rst -system
after 3000
targets -set -filter {jtag_cable_name =~ "Digilent JTAG-SMT1 210203A7D855A" && level==0 && jtag_device_ctx=="jsn-JTAG-SMT1-210203A7D855A-23727093-0"}
fpga -file C:/Users/Taimoor/Desktop/SIVP/Vitis_IP_MAC/Vitis_IP_MAC/_ide/bitstream/IP_MAC_BD_wrapper.bit
targets -set -nocase -filter {name =~"APU*"}
loadhw -hw C:/Users/Taimoor/Desktop/SIVP/Vitis_IP_MAC/IP_MAC_BD_wrapper/export/IP_MAC_BD_wrapper/hw/IP_MAC_BD_wrapper.xsa -mem-ranges [list {0x40000000 0xbfffffff}] -regs
configparams force-mem-access 1
targets -set -nocase -filter {name =~"APU*"}
source C:/Users/Taimoor/Desktop/SIVP/Vitis_IP_MAC/Vitis_IP_MAC/_ide/psinit/ps7_init.tcl
ps7_init
ps7_post_config
targets -set -nocase -filter {name =~ "*A9*#0"}
dow C:/Users/Taimoor/Desktop/SIVP/Vitis_IP_MAC/Vitis_IP_MAC/Debug/Vitis_IP_MAC.elf
configparams force-mem-access 0
----------------End of Script----------------

00:13:54 INFO  : Context for processor 'ps7_cortexa9_0' is selected.
00:13:54 INFO  : 'con' command is executed.
00:13:54 INFO  : ----------------XSDB Script (After Launch)----------------
targets -set -nocase -filter {name =~ "*A9*#0"}
con
----------------End of Script----------------

00:13:54 INFO  : Launch script is exported to file 'C:\Users\Taimoor\Desktop\SIVP\Vitis_IP_MAC\Vitis_IP_MAC_system\_ide\scripts\debugger_vitis_ip_mac-default.tcl'
03:40:13 INFO  : Launching XSCT server: xsct.bat -n  -interactive C:\Users\Taimoor\Desktop\SIVP\Vitis_IP_MAC\temp_xsdb_launch_script.tcl
15:06:11 INFO  : Launching XSCT server: xsct.bat -n  -interactive C:\Users\Taimoor\Desktop\SIVP\Vitis_IP_MAC\temp_xsdb_launch_script.tcl
15:06:15 INFO  : XSCT server has started successfully.
15:06:15 INFO  : Successfully done setting XSCT server connection channel  
15:06:15 INFO  : plnx-install-location is set to ''
15:06:15 INFO  : Successfully done setting workspace for the tool. 
15:06:19 INFO  : Platform repository initialization has completed.
15:06:20 INFO  : Registering command handlers for Vitis TCF services
15:06:26 INFO  : Successfully done query RDI_DATADIR 
